CODIGO,DESCRIPCI‡N,PRECIO UNITARIO B/.,CANTIDAD EXISTENCIA ALMACêN CDPA OCTUBRE,CANTIDAD EXISTENCIA ALMACêN CDDI OCTUBRE,CANTIDAD EXISTENCIA ALMACêN CDCH OCTUBRE,TOTAL DE EXISTENCIAS  DISPONIBLES    OCTUBRE,MONTO DE EXISTENCIAS EN B/.,,
2-09-0035-02,CONECTOR PARA BOMBA DE INFUSION CON FILTRO DE AIRE,4.49 ,77600,13000,16400,"107,000","480,430.00",,
2-09-0037-00,AGUJA PARA NEUMOPERITONEO  (TIPO VERESS) PARA LAPARASCOPIA (Se solicita 120mm),10.17 ,0,0,0,0,0.00,,
2-09-0075-02,DETERGENTE ANIONICO EN POLVO PRESENTACION: PAQ. DE 4 LIBRAS,35.50 ,12816,207,639,"13,662","484,979.96",,
2-09-0081-00,"AGUJA HIPODêRMICA,  (SE SOLICITA CALIBRE 18G X 1  1/2 PULGADAS, 38MM DE LONGITUD)",0.01 ,0,0,0,0,0.00,,
2-09-0084-00,"AGUJA HIPODêRMICA,   (SE SOLICITA CALIBRE 21G, 1 PULGADAS, 25MM DE LONGITUD.) ",0.02 ,804800,89000,91400,"985,200","14,778.00",,
2-09-0085-00,"AGUJA HIPODêRMICA,  SE SOLICITA CALIBRE 21G X 1 1/2 PULGADAS, 38MM DE LONGITUD",0.01 ,0,0,0,0,0.00,,
2-09-0086-00,"AGUJA HIPODêRMICA, SE SOLICITA CALIBRE 22G X 1 PULGADAS, 25MM DE LONGITUD",0.02 ,445000,29000,0,"474,000","9,503.70",,
2-09-0087-00,"AGUJA HIPODêRMICA    (SE SOLICITA CALIBRE 22G X 1 1/2 PULGADAS, 38MM DE LONGITUD)",0.03 ,7534600,190300,13800,"7,738,700","193,467.50",,
2-09-0088-00,"AGUJA HIPODêRMICA, (SE SOLICITA CALIBRE 23G X 1 PULGADAS 25MM DE LONGITUD)",0.01 ,0,0,0,0,0.00,,
2-09-0089-00,"AGUJA HIPODêRMICA,   SE SOLICITA CALIBRE 24G X 1 PULGADAS 25MM DE LONGITUD",0.02 ,370500,49400,0,"419,900","6,298.50",,
2-09-0090-00,"AGUJA HIPODêRMICA DESECHABLE (Se solicita calibre 25G de 1"" de longitud) ",0.02 ,942400,57100,4200,"1,003,700","20,074.00",,
2-09-0090-02,"AGUJA HIPODêRMICA    (SE SOLICITA CALIBRE 25G X 1 1/2 PULGADAS, 38MM DE LONGITUD)",0.02 ,4682800,101000,51800,"4,835,600","96,712.00",,
2-09-0093-01,"PAPEL SATINADO PARA CAMILLA Y MESA DE EXAMEN. (TAMA•O: DE entre 17"" y  18"" de ancho X 225 y 300 pie de largo)",3.42 ,0,0,0,0,0.00,,
2-09-0112-22,BANDEJA PARA CATETERIZACION VENOSA CENTRAL TRIPLE LUMEN.  SE SOLICITA CATETER DE POLIURETANO,60.50 ,0,0,0,0,0.00,,
2-09-0112-26,BANDEJA PARA CATETERIZACION VENOSO CENTRAL TRIPLE LUMEN CON 2 ANTIBIOTICOS (MINOCICLINA Y RIFAMPICINA).                                                                      (SE SOLICITA CATETER DE POLIURETANO ADULTO),262.50 ,0,0,0,0,0.00,,
2-09-0133-00,RECIPIENTE DESECHABLE PARA SISTEMA DE DRENAJE TORµCICO DIGITAL (Se solicita de 800cc de capacidad),22.72 ,5372,0,24,"5,396","122,612.01",,
2-09-0134-00,TUBO PARA SISTEMA DE DRENAJE TORµCICO DIGITAL CONEXI‡N DOBLE (Se solicita longitud de 1.5 mts). DEBE SER COMPATIBLE CON EL EQUIPO EXISTENTE EN LA INSTITUCI‡N.,23.61 ,0,0,0,0,0.00,,
2-09-0168-01,ESPONJA HEMOSTATICA DE GELATINA ABSORBIBLE.   SE SOLICITA TAMA•O 7x5x1CM ( 70MMX50MMX10MM ),3.09 ,0,0,0,0,0.00,,
2-09-0174-02,JALEA LUBRICANTE ESTêRIL  (SE SOLICITA TUBO DE 113 GM),3.15 ,0,0,0,0,0.00,,
2-09-0184-01,TRAJE DE PROTECCION PERSONAL (TIPO OVEROL) TAMA•O L,10.76 ,884080,16320,0,"900,400","9,688,304.00",,
2-09-0185-01,TRAJE DE PROTECCION PERSONAL (TIPO OVEROL)TAMA•O XL,10.76 ,989400,0,2900,"992,300","10,677,148.00",,
2-09-0188-00,"APLICADOR DE GRAPAS AUTOMµTICO PARA LAPAROSCOPIA (Se solicita con grapa de 10mm, 20 grapas, mediano / grande)",70.00 ,2688,80,0,"2,768","193,760.00",,
2-09-0188-01,"APLICADOR DE GRAPAS AUTOMµTICO PARA LAPAROSCOPIA  (SE SOLICITA TAMA•O DE 5MM, 20 GRAPAS, MEDIANO / GRANDE)",137.50 ,0,0,0,0,0.00,,
2-09-0190-06,"VENDA DE GASA PRESATURADAS DE CLORURO DE SODIO AL 20%   (TAMA•O 6"" (15 CM ) X 6 3/4"" (17 CM ).",5.12 ,0,0,0,0,0.00,,
2-09-0192-00,"APLICADOR DE MADERA CON ALGOD‡N, ESTêRIL  (SE SOLICITA DE 6"")",0.03 ,265000,23825,92700,"381,525","11,445.75",,
2-09-0195-01,AP‡SITO HIDROCOLOIDE (FINO O EXTRA DELGADO)          (SE SOLICITA CUADRADO 15CM X 15CM).,2.71 ,0,0,0,0,0.00,,
2-09-0195-02,"AP‡SITO HIDROCOLOIDE (Est†ndar, Regular o Extra Absorbente)                (SE SOICITA CUADRADO/IMPERMEABLE 20CM X 20CM).",4.20 ,4470,0,0,"4,470","18,770.42",,
2-09-0195-03,AP‡SITO HIDROCOLOIDE (FINO O EXTRA DELGADO)             (SE SOLICITA CUADRADO 10CM X 10CM),1.65 ,28520,3080,0,"31,600","52,140.00",,
2-09-0195-04,"AP‡SITO HIDROCOLOIDE (Est†ndar, Regular o Extra Absorbente).  SE SOLICITA,  CUADRADO 15CM X 15CM",3.80 ,8950,1460,0,"10,410","39,558.00",,
2-09-0195-07,APOSITO TRANSPARENTE ESTERIL. SE SOLICITA  CON VENTANA DE 8-10CM X 10-12.5CM,0.19 ,0,0,0,0,0.00,,
2-09-0195-08,APOSITO TRANSPARENTE ESTERIL. SE SOLICITA CON VENTANA TAMA•O DE 5-6CM X 7-8CM,0.10 ,193200,0,0,"193,200","19,320.00",,
2-09-0196-00,APOSITO OCULAR ADULTO ESTERIL,0.07 ,0,25800,0,"25,800","1,806.00",,
2-09-0199-00,INSTRUMENTO DE ENGRAPADO PARA CIERRE DE PIEL DESECHABLE ,7.22 ,0,0,0,0,0.00,,
2-09-0199-02,"INSTRUMENTAL DE ENGRAPADO TORACO ABDOMINAL Y REGARGA, DESECHABLE (Se solicita carga de 60mm, 3.5mm de altura de grapa abierta y 1.5mm de altura de grapa cerrada. Y por cada dos (2) instrumentos con carga, debe entregar una recarga adicional) ",124.14 ,1284,0,36,"1,320","163,864.80",,
2-09-0199-03,"INSTRUMENTO DE ENGRAPADO TORACO ABDOMINAL Y RECARGA DESECHABLE (Se solicita carga de 30mm, 3.5mm de altura de grapa abierta y 1.5mm de altura de grapa cerrada. Por cada dos (2) instrumentos con carga, debe entregar una recarga adicional) ",123.70 ,0,0,0,0,0.00,,
2-09-0199-04,"INSTRUMENTO DE ENGRAPADO Y CORTE LINEAL PARA CIRUGIA ABIERTA, DESECHABLE. SE SOLICITA CARGA DE 60MM DE LARGO, ALTURA DE GRAPA ABIERTA 3.8MM Y ALTURA DE GRAPA CERRADA DE 1.5MM POR CADA INSTRUMENTO CON CARGA DEBE ENTREGAR (3) RECARGAS ADICIONALES.",120.54 ,12618,0,0,"12,618","1,520,973.72",,
2-09-0199-05,"INSTRUMENTAL DE ENGRAPADO TORACO ABDOMINAL Y RECARGA DESECHABLE (Se solicita instrumento recto, carga de longitud  de 90mm, altura de grapa abierta 3.5mm y altura de grapa cerrada 1.5mm. Por cada dos (2) instrumentos con carga, debe entregar una carga adicional) ",187.85 ,60,0,0,60,"11,271.00",,
2-09-0199-06,"INSTRUMENTO DE ENGRAPADO MECANICO CIRCULAR,DESECHABLE.   SE SOLICITA INSTRUMENTO CURVO CON GRAPA DE 29MM CON GRAPAS DE ALTURA MINIMA DE 4.8 MM ABIERTA O INDICADOR DE ESCALA DE COMPRENSION DE 2 MM CERRADA",400.00 ,628,0,0,628,"251,200.00",,
2-09-0199-07,"ENGRAPADORA  CIRCULAR CORTANTE CON YUNQUE ARTICULABLE PARA ANASTOMOSIS DIGESTIVA (Se solicita de 31mm, con grapas de altura m°nima de 4.8mm abierta)",425.45 ,0,0,0,0,0.00,,
2-09-0199-10,"INSTRUMENTO DE ENGRAPADO MECµNICO PARA FIJAR  MALLAS EN  HERNIAS, DESECHABLE, CON 10 GRAPAS O MAS, DE TITANIUM  DE 4.8mm (Por cada instrumento con su carga, debe entregar una carga adicional) ",123.86 ,0,0,0,0,0.00,,
2-09-0200-00,"INSTRUMENTO DE ENGRAPADO Y CORTE LINEAL RECTA ENDOSCOPICA CON O SIN
REGARGA,DESECHABLE     (SE SOLICITA Est†ndar: v†stago de 16cm o longitud total de 34cm, LONGITUD DE 60MM DE LARGO, ALTURA DE GRAPA ABIERTA 3.5 Y CERRADA 1.5MM)                                                                                                                                                                                                                                                                                                                                                                                         Instrumento de engrapado de corte lineal de 12mm de di†metro.
",200.00 ,500,30,0,530,"106,000.00",,
2-09-0200-02,"INSTRUMENTO DE ENGRAPADO Y CORTE LINEAL RECTA ENDOSCOPICA CON O SIN REGARGA,DESECHABLE (SE SOLICITA Est†ndar: v†stago de 16cm o longitud total de 34cm, LONGITUD DE 60MM DE LARGO, ALTURA DE GRAPA ABIERTA 2.5 Y CERRADA 1.0MM)                                                                                                                                                                                                                                                                                                                                                                                        ",235.06 ,0,0,0,0,0.00,,
2-09-0206-00,"INSTRUMENTO PARA LIGAR VASOS, DE TITANIUM, DESECHABLE (Se solicita tama§o chico)",57.65 ,54,0,0,54,"3,112.83",,
2-09-0207-00,"ENGRAPADORA CURVA CORTANTE PARA TEJIDO GRUESO (CIRUGIA COLON RECTAL). Instrumento de engrapado quir£rgico curvo cortante , que permita un mejor acceso y visualizacion en la pelvis baja, dos dobles linea de grapas  y corte entre la segunda y tercera linea de grapas para cirug°a colon rectal.","1,220.18 ",160,0,0,160,"195,228.80",,
2-09-0209-02,RECARGA DE CLIP DE POL÷MERO NO ABSORBIBLE    (SE SOLICITA DE 7MM X 16MM. LA EMPRESA ENTREGARµ A LA UNIDAD LA PINZA PARA APLICAR EL MISMO),99.39 ,0,0,0,0,0.00,,
2-09-0212-04,"BANDEJA PRE OPERATORIA PARA LAVADO DE PIEL. SE SOLICITA CON TENAZA Y DOS APLICADORES DE 3 PULGADAS CON PUNTA DE ALGOD‡N
",4.39 ,0,0,0,0,0.00,,
2-09-0212-05,"BANDEJA DE ANESTESIA RAQUIDEA DESEHABLE CON MEDICAMENTO SE SOLICITA (CON INTRODUCTOR, AGUJA PUNTA DE LAPIZ/SPROTE 25G LARGO 136MM CON AGUJA 22G x 1 1/2"", Epinefrina 1:1000, ampolla de 1ml y efedrina sulfato 50mg/ml, ampolla de 1ml, y CON BUPIVACAINA PESADA).",34.00 ,0,0,0,0,0.00,,
2-09-0215-04,"BOLSA MIXTA TERMOSELLABLE PARA ESTERILIZAR, 12"" X 16"" A 18""(304.8 mm  X  406.4 mm a 457.2 mm)",0.10 ,804700,13400,1500,"819,600","81,960.00",,
2-09-0215-06,"BOLSA MIXTA TERMOSELLABLE PARA ESTERILIZACION 18""  X  24"" (450  X  600MM)",0.25 ,7200,2400,600,"10,200","2,550.00",,
2-09-0215-07,"ROLLO SIN FUELLE TERMOSELLABLE PARA ESTERILIZACI‡N, DE 3"" DE ANCHO X 660 PIES (7.5CM ‡ 75MM X 200 Mts)",12.30 ,994,30,2,"1,026","12,619.80",,
2-09-0215-08,"ROLLO SIN FUELLE TERMOSELLABLE PARA ESTERILIZACION 4"" DE ANCHO x 660' (10cm ‡ 100mm x 200mts)",14.54 ,0,0,0,0,0.00,,
2-09-0215-10,"BOLSA MIXTA TERMOSELLABLE PARA ESTERILIZAR, 3""  X  10"" a  10  1/2"" (75  X  255 a 265MM)",0.03 ,44800,0,2400,"47,200","1,416.00",,
2-09-0215-15,"BOLSA MIXTA TERMOSELLABLE PARA ESTERILIZAR 5 1/4"" A 5 1/2ÔÔ X 10 1/2"" A 11ÔÔ (130MM A 140MM X 260MM A 280MM) ",0.05 ,131000,0,0,"131,000","6,550.00",,
2-09-0215-16,"BOLSA MIXTA TERMOSELLABLE PARA ESTERILIZAR, 8""  X  12""  (200  X  300MM)",0.07 ,0,0,0,0,0.00,,
2-09-0216-00,"BOLSA HIDROSOLUBLE SE SOLICITA TAMA•O 28"" X 39""",0.78 ,0,0,0,0,0.00,,
2-09-0217-01,"BOLSA DE 1 PIEZA PARA COLOSTOMIA / ILEOSTOMIA RECORTABLE, ABIERTA, PARA ADULTO .  (SE SOLICITA CON FILTRO DE CARBON INCORPORADO Y DIAMETRO DE 10mm o 12mm hasta 55mm)",2.63 ,1023840,6390,10080,"1,040,310","2,736,015.30",,
2-09-0217-02,"BOLSA DE 1 PIEZA PARA COLOSTOMIA / ILEOSTOMIA RECORTABLE, ABIERTA, PARA ADULTO . (SE SOLICITA CON FILTRO DE CARBON INCORPORADO Y DIAMETRO DE 10mm o 12mm hasta 70mm)",3.03 ,788400,6480,9930,"804,810","2,438,574.30",,
2-09-0218-07,"BOLSA DE 1 PIEZA PARA COLOSTOMIA / ILEOSTOMIA PEDIATRICA, ABIERTA (RECORTABLE).  (SE SOLICITA DE 10MM A  35MM)",3.71 ,0,3000,0,"3,000","11,130.00",,
2-09-0219-08,SISTEMA DE DOS PIEZAS PARA UROSTOMﬁA DE ADULTO CON DI∑METRO EXTERNO DE 50MM. OPACA (POR CADA DOS BOLSAS SE DEBERA ENTREGAR UN ARO),6.63 ,23000,0,200,"23,200","153,816.00",,
2-09-0221-00,"BOLSA COLECTORA DE ORINA PARA ADULTO.
",1.40 ,0,13910,0,"13,910","19,474.00",,
2-09-0223-00,BOLSA COLECTORA DE ORINA DE 30 A 35 ONZA DE CAPACIDAD     (900CC A 1050CC) DE PIERNA . ,0.55 ,164094,566,150,"164,810","90,645.50",,
2-09-0223-05,BOLSA BIODEGRADABLE COLECTORA DE VOMITO.,1.50 ,13248,0,0,"13,248","19,872.00",,
2-09-0248-00,CUBIERTA DE ZAPATO (Se solicita sin cinta),0.06 ,0,0,0,0,0.00,,
2-09-0259-01,BRAZALETE DE IDENTIFICACI‡N PEDIATRICA. SE SOLICITA: 8 PULGADAS DE LONGITUD,0.04 ,1688000,23000,3300,"1,714,300","62,571.95",,
2-09-0260-03,BRAZALETE DE IDENTIFICACI‡N PARA ADULTOS.                (SE SOLICITA: 12 PULGADAS DE LONGITUD),0.04 ,5811960,0,700,"5,812,660","215,068.42",,
2-09-0266-00,"CALCETA TUBULAR. SE SOLICITA TAMA•O :  3 "" X 25 YARDAS DE ALGODON",8.33 ,0,228,0,228,"1,899.24",,
2-09-0266-01,"MEDIA ANTIDESLIZANTE. SE SOLICITA MEDIANA (LONGITUD: 35cms, ANCHO 8.5cm)",0.98 ,123200,1160,340,"124,700","121,707.20",,
2-09-0266-02,"MEDIA ANTIDESLIZANTE (SE SOLICITA GRANDE (Longitud: 40cms, ancho 9cm).",0.99 ,705788,1200,340,"707,328","703,084.03",,
2-09-0267-00,"CALCETA TUBULAR. SE SOLICITA TAMA•O: 4 "" X 25 YARDAS.  DE ALGODON",25.00 ,0,9,56,65,"1,625.00",,
2-09-0272-00,"CANULA INTRAVENOSA SIN JERINGUILLA SE SOLICITA DE 18G  X  1  1/4""  A  1  1/2"" DE  POLIURETANO
",0.18 ,0,0,0,0,0.00,,
2-09-0274-01,"CANULA INTRAVENOSA SIN JERINGUILLA SE SOLICITA DE POLIURETANO  CALIBRE # 22 G X  DE 1"" A  1  1/4"" .
",0.27 ,0,0,0,0,0.00,,
2-09-0274-02,"CµNULA INTRAVENOSA SIN JERINGUILLA  (SE SOLICITA DE POLIURETANO, CALIBRE # 24)",0.18 ,0,0,0,0,0.00,,
2-09-0276-18,"CATETER DE HISTEROSONOGRAFIA, 5Fr O 7FR. SE SOLICITA TAMA•O  5FR Y BALON DE 3CC",18.12 ,880,140,0,"1,020","18,482.40",,
2-09-0286-00,"SONDA FOLEY DE LATEX RECUBIERTA CON SILICON, 2 VIAS CON BALON DE 3CC/ML   SE SOLICITA CALIBRE 10FR",0.64 ,640,0,90,730,467.20,,
2-09-0287-00,"SONDA FOLEY DE LATEX RECUBIERTA CON SILICON , 2 V÷AS CON BAL‡N DE 5 CC/ML. SE  SOLICITA  CALIBRE 12FR",0.53 ,0,0,0,0,0.00,,
2-09-0287-01,"SONDA FOLEY DE LATEX RECUBIERTA CON SILICON , 2 V÷AS CON BAL‡N DE 5 CC/ML.   SE SOLICITA  CALIBRE 18FR",0.51 ,0,0,0,0,0.00,,
2-09-0287-02,"SONDA FOLEY DE LATEX RECUBIERTA CON SILICON , 2 V÷AS CON BAL‡N DE 5 CC/ML.  (SE SOLICITA CALIBRE 20FR)",0.49 ,11340,1430,710,"13,480","6,605.20",,
2-09-0287-03,"SONDA FOLEY DE LATEX RECUBIERTA CON SILICON , 2 V÷AS CON BAL‡N DE 5 CC/ML.     SE SOLICITA CALIBRE  22FR ",0.49 ,0,460,0,460,225.40,,
2-09-0288-00,"SONDA FOLEY DE LATEX RECUBIERTA CON SILICON , 2 V÷AS CON BAL‡N DE 5 CC/ML.     SE SOLICITA CALIBRE 14FR",0.44 ,0,0,0,0,0.00,,
2-09-0288-01,"SONDA FOLEY DE LATEX RECUBIERTA CON SILICON , 2 V÷AS CON BAL‡N DE 5 CC/ML.  SE  SOLICITA  CALIBRE 16FR",0.56 ,0,0,0,0,0.00,,
2-09-0298-10,"SONDA FOLEY DE LATEX RECUBIERTA CON SILIC„N, 3 VﬁAS CON BAL„N DE 30 CC.  SE SOLICITA CALIBRE 24FR",0.89 ,0,0,360,360,320.40,,
2-09-0299-12,"TROCAR PARA CIRUGIA LAPAROSCOPICA DE 2MM A 15MM DE DIAMETRO, PUNTA CORTANTE DESECHABLESE.  (SE  SOLICITA TROCAR COMPLETO DE 5MM DE DIAMETRO Y DOS CAMISAS ADICIONALES)",78.96 ,360,0,0,360,"28,425.60",,
2-09-0299-14,"TROCAR PARA CIRUGIA LAPAROSCOPICA, DE 2 A 15 MM DE DIAMETRO, PUNTA CORTANTE, DESECHABLE.,                                                                                                          (SE SOLICITA TROCAR COMPLETO DE 12MM DE DIAMETRO Y DOS CAMISAS ADICIONALES) ",71.08 ,0,0,0,0,0.00,,
2-09-0300-01,JUEGO PARA ACCESO VENOSO PERIFêRICO (CANALIZACI‡N),0.79 ,0,0,0,0,0.00,,
2-09-0307-02,CERA DE HUESO. SE SOLICITA EN BAST‡N,2.49 ,0,0,0,0,0.00,,
2-09-0309-04,CINTA DE HILADILLO ESTERIL DE ALGOD‡N TRENZADO,2.91 ,0,0,0,0,0.00,,
2-09-0310-00,"CINTA INDICADORA PARA ESTERILIZACION A VAPOR.  SE SOLICITA TAMA•O  DE  1/2"" X 60 O MAS YARDAS.",5.28 ,2308,193,0,"2,501","13,202.15",,
2-09-0310-01,"CINTA INDICADORA PARA ESTERILIZACION A VAPOR. SE SOLICITATAMA•O 3/4"" X 60 ‡ MAS YARDAS.",4.63 ,12000,0,0,"12,000","55,500.00",,
2-09-0310-02,"CINTA INDICADORA PARA ESTERILIZACION A VAPOR                SE SOLICITA TAMA•O  1"" X 60 O MAS YARDAS.",2.80 ,0,0,0,0,0.00,,
2-09-0311-00,COBERTOR PARA SILLETA (PALETA),0.40 ,38200,0,0,"38,200","15,280.00",,
2-09-0322-01,PROTECTOR PLµSTICO PARA EL OJO,8.68 ,0,1056,3072,"4,128","35,810.40",,
2-09-0323-01,"LAPIZ DE CAUTERIO, DESECHABLE CON CONTROL MANUAL DUAL.",4.36 ,0,0,0,0,0.00,,
2-09-0326-01,GEL PARA ELECTRODOS. SE SOLICITA TUBO DE 140 GRAMOS,76.90 ,0,0,0,0,0.00,,
2-09-0327-00,"PROTECTOR DE COLCH‡N, DESECHABLE, ABSORBENTE, DE ALGODON O DE POLIETILENO POR UN LADO, (SE SOLICITA TAMA•O 58.4 cm x 91.4 cm  (23""x36"")  ALGOD‡N.",2.88 ,0,0,0,0,0.00,,
2-09-0331-01,VENDA AUTOADHERIBLE DE PLASTICO RECTANGULAR O LARGAS.        (CURITAS RECTANGULAR),0.01 ,1818400,57000,38600,"1,914,000","18,144.72",,
2-09-0332-00,VENDA ADHESIVA DE PLµSTICO REDONDA,0.01 ,539200,81000,16300,"636,500","9,070.13",,
2-09-0332-01,GRAPA PARA LIGAR CORDON UMBILICAL,0.35 ,4548,400,400,"5,348","1,871.80",,
2-09-0333-06,"BATA DESECHABLE, PARA USO GENERAL NO ESTERIL .AAMI     NIVEL 3.  SE SOLICITA TAMA•O MEDIANO",1.12 ,0,0,0,0,0.00,,
2-09-0333-11,BATA QUIRURGICA ESTERIL .AAMI NIVEL 3. SE SOLICITA TAMA•O MEDIANO,1.12 ,0,0,0,0,0.00,,
2-09-0333-12,BATA QUIRURGICA ESTERIL .AAMI NIVEL 3. SE SOLICITA TAMA•O GRANDE,22.84 ,0,0,0,0,0.00,,
2-09-0333-14,BATA QUIRURGICA ESTERIL .AAMI NIVEL 4. SE SOLICITA TAMA•O MEDIANO,2.60 ,0,0,0,0,0.00,,
2-09-0333-15,BATA QUIRURGICA ESTERIL .AAMI NIVEL 4.    (SE SOLICITA TAMA•O GRANDE).,2.28 ,0,0,0,0,0.00,,
2-09-0333-16,BATA QUIRURGICA ESTERIL .AAMI NIVEL 4.  SE SOLICITA TAMA•O EXTRA GRANDE,0.19 ,0,0,0,0,0.00,,
2-09-0334-00,"DEPRESOR DE LENGUA, ESTêRIL  ",0.05 ,0,0,0,0,0.00,,
2-09-0336-00,DISECTOR CURVO    (MARYLAND)      PARA CIRUGIA LAPAROSC‡PICA.,59.33 ,76,8,108,192,"11,391.36",,
2-09-0342-01,"CONECTOR LIBRE DE AGUJA (ESPIGA UNIVERSAL) PARA SOLUCIONES PARENTERALES, UNIDIRECCIONAL O BIDIRECCIONAL.                                                                                     SE SOLICITA: CON VµLVULA ANTIRREFLUJO UNIDIRECCIONAL",2.21 ,68800,2000,1700,"72,500","160,225.00",,
2-09-0345-10,ELECTRODO DE MICROPORE PARA MONITOREO DE ADULTO                                                                                                    ,0.14 ,12000,0,0,"12,000","1,680.00",,
2-09-0345-12,ELECTRODO PARA  EKG MODELO PESTA•A. SE SOLICITA: TAMA•O NI•O (PEDIATRICO),0.10 ,0,0,0,0,0.00,,
2-09-0347-00,"APOSITO ABDOMINAL 8"" X 10"" y 10"" x 12"" DE LONGITUD.  SE SOLICITA TAMA•O: 8"" X 10"" DE LONGITUD. ",0.48 ,0,0,0,0,0.00,,
2-09-0349-01,"ESPONJA DESECHABLE CON JABON NEUTRO. SE SOLICITA: TAMA•O 20CM X 10CM X 1.0CM    
",0.40 ,0,0,0,0,0.00,,
2-09-0350-01,"TOALLA SANITARIA MATERNAL; TOALLA SANITARIA TIPO PERINEAL,     (SE SOLICITA EXTRA GRANDE DE 11 A 12 PULGADAS. NO ESTERIL)",0.11 ,0,0,0,0,0.00,,
2-09-0352-01,"CINTA ADHESIVA DE TELA DE ALGODON (ESPARADRAPO).  SE SOLICITA TAMA•O DE 2"" X 10 Yds",2.89 ,11280,528,2520,"14,328","41,393.59",,
2-09-0352-02,"CINTA ADHESIVA DE TELA DE ALGODON (ESPARADRAPO)  (SE SOLICITA TAMA•O DE 3"" X 10 Yds).",6.77 ,0,0,0,0,0.00,,
2-09-0352-03,"CINTA  ADHESIVA DE PLASTICO TRANSPARENTE. SE SOLICITA DE 1"" X 10 YARDAS                                                                                                                                                                                                                                 CINTA ADHESIVA DE PLASTICO TRANSPARENTE, HIPOALERGENICO, RESISTENTE A LA HUMEDAD (IMPERMEABLE),
TAMA•O DE 1/2ÔÔ A 3ÔÔPOR 10 YARDA O MAS DE LONGITUD.
LA INSTITUCION SOLICITARA EL TAMA•O QUE REQUIERA.",1.12 ,0,0,0,0,0.00,,
2-09-0353-00,CINTA ADHESIVA DE TELA DE ALGODON (ESPARADRAPO) DE CORTE SURTIDO,16.38 ,0,0,0,0,0.00,,
2-09-0354-00,"CINTA ADHESIVA DE PAPEL MICROPOROSO. (SE SOLICITA DE 2"" DE ANCHO X 10 YARDAS DE LONGITUD).                                                                                                                                                                                                                                  
",1.95 ,0,0,0,0,0.00,,
2-09-0354-01,"CINTA ADHESIVA DE PAPEL MICROPOROSO. (SE SOLICITA DE 3"" X 10 Yads)                                                                                                                                                                                                                                                                      ",1.95 ,58500,0,0,"58,500","114,075.00",,
2-09-0363-01,"CONECTOR O EQUIPO PARA INFUSI‡N DE SOLUCI‡N PARENTERAL, CON DOS FILTRO .",0.17 ,946917,101600,0,"1,048,517","178,247.89",,
2-09-0365-01,"GASA SIMPLE  TAMA•O 3"" X 3"",12 DOBLECES NO ESTERIL.",0.06 ,0,0,0,0,0.00,,
2-09-0365-03,"GASA SIMPLE 4"" X 4"" CON 16 DOBLECES, NO ESTERIL.",0.05 ,0,0,0,0,0.00,,
2-09-0365-05,"GASA SIMPLE 8"" X 4"" CON 12 DOBLECES, NO ESTêRIL.   ",0.07 ,1608000,33400,788000,"2,429,400","170,058.00",,
2-09-0378-00,"GUANTES DE EXPLORACI‡N DE LµTEX, NO ESTêRIL (SE SOLICITA TAMA•O CHICO).",0.04 ,0,50000,3400,"53,400","2,189.40",,
2-09-0378-01,"GUANTES DE EXPLORACI‡N DE LµTEX, NO ESTêRIL (SE SOLICITA TAMA•O MEDIANO). ",0.09 ,0,0,0,0,0.00,,
2-09-0378-02,"GUANTES DE EXPLORACI‡N DE LµTEX, NO ESTêRIL (Se solicita tama§o grande) ",0.09 ,0,0,0,0,0.00,,
2-09-0379-00,"GUANTE QUIRURGICO DE LATEX ESTERIL.  SE SOLICITA TAMA•O 6  1/2""  ",0.16 ,0,0,0,0,0.00,,
2-09-0379-01,"GUANTES QUIRURGICO DE LATEX ESTERI (SE SOLICITA TAMA•O 7 "").",0.27 ,0,0,0,0,0.00,,
2-09-0379-02,"GUANTES QUIRURGICO DE LATEX ESTERIL   (SE SOLICITA TAMA•O 7 1/2"")",0.23 ,0,0,0,0,0.00,,
2-09-0379-03,"GUANTES QUIRURGICO DE LATEX ESTERIL  (SE SOLICITA TAMA•O 8"").",1.03 ,111000,0,0,"111,000","113,775.00",,
2-09-0381-00,"ALGODON COMPRIMIDO 100% (SE SOLICITA  3"" x 4 YARDAS)
",0.73 ,0,0,0,0,0.00,,
2-09-0381-01,"VENDAJE DE 100% DE ALGOD‡N COMPRIMIDO, NO ESTêRIL (Se solicita tama§o 4""x 4 yardas) ",0.57 ,19200,0,0,"19,200","10,944.00",,
2-09-0381-02,"ALGODON COMPRIMIDO 100% - 6"" x 4 YARDAS  (SE SOLICITA TAMA•O 6 x 4"")",0.49 ,0,0,0,0,0.00,,
2-09-0382-00,"HOJA, BISTUR÷, ACERO INOXIDABLE Nß10",0.29 ,0,0,0,0,0.00,,
2-09-0382-01,HOJA DE BISTUR÷  DE ACERO INOXIDABLE (SE SOLICITA TAMA•O N¯ 11),0.16 ,15600,3400,0,"19,000","3,040.00",,
2-09-0382-03,HOJA DE BISTUR÷  DE ACERO INOXIDABLE (SE SOLICITA TAMA•O N¯ 15),0.17 ,20600,800,0,"21,400","3,638.00",,
2-09-0382-04,HOJA DE BISTUR÷  DE ACERO INOXIDABLE (SE SOLICITA TANA•O N¯ 23) ,1.08 ,360200,5400,0,"365,600","393,020.00",,
2-09-0382-06,CUCHILLETE ESPATULADO ESTILO CRESCENT ,15.00 ,30,0,120,150,"2,250.00",,
2-09-0382-07,CUCHILLA PARA FACOEMULSIFICACI‡N (Se solicita de 2.65mm),15.23 ,90,0,0,90,"1,370.25",,
2-09-0382-08,CUCHILLA PARA FACOEMULSIFICACI‡N.  (SE SOLICITA TAMA•O  3.2MM),10.50 ,0,0,0,0,0.00,,
2-09-0395-00,JERINGUILLA 2 ONZ. ( 60ML),0.80 ,0,0,0,0,0.00,,
2-09-0398-00,JERINGUILLA DE 2-3 ML DE CAPACIDAD CON AGUJA DE 21 G X 1´ PULGADAS.,0.10 ,0,0,0,0,0.00,,
2-09-0399-00,"JERINGUILLA DE 5 -6 ML,     (SE SOLICITA CON AGUJA 21 G X 1´ PULGADAS)",0.04 ,0,0,0,0,0.00,,
2-09-0401-00,AGUJA METALICA CON PISTOLA AUTOMATICA PARA TOMA DE BIOPSIA.  (SE SOLICITA EL TAMA•O 18G  X 10 A 25CM.),31.90 ,0,0,0,0,0.00,,
2-09-0402-00,"JERINGUILLA DE 10 -12 ML, CON AGUJA DE 21 G X 1´ PULGADAS.",0.03 ,0,0,0,0,0.00,,
2-09-0405-00,"CANULA PARA IRRIGACION, CAUTERIO Y SUCCION ENDOSCOPICA DE GANCHO DE 5MM.",100.00 ,0,0,0,0,0.00,,
2-09-0406-00,SISTEMA CERRADO PARA DRENAJE DE FLUIDOS CONTINUOS REDONDO.  SE SOLICITA DE 10mm CON RESERVORIO DE 100CC,16.81 ,0,0,0,0,0.00,,
2-09-0406-01,SISTEMA CERRADO PARA DRENAJE DE FLUIDOS CONTINUOS REDONDO. (SE SOLICITARA DE 7mm CON RESERVORIO DE 100CC),17.17 ,0,0,0,0,0.00,,
2-09-0409-00,"JERINGUILLA 20-25 ML,       (SE SOLICITA PUNTA DE ROSCA SIN AGUJA)",0.04 ,2156000,122400,111000,"2,389,400","105,802.63",,
2-09-0412-00,"JERINGUILLA 50-60ML. SE SOLICITA  50ml, PUNTA ROSCA S/AGUJA",0.21 ,944000,10000,4000,"958,000","196,390.00",,
2-09-0419-00,"JERINGUILLA DE TUBERCULINA CON AGUJA 25 G X 5/8"".",3.45 ,0,0,0,0,0.00,,
2-09-0419-01,"JERINGUILLA DE TUBERCULINA     (SE SOLICITA CON AGUJA 26 G X 3/8"")",0.03 ,11986000,74100,0,"12,060,100","370,245.07",,
2-09-0428-05,ROPA DESECHABLE PARA CIRUGIA ARTROSCOPICA,30.68 ,0,0,0,0,0.00,,
2-09-0431-01,"MASCARA DE TIENDA PARA OXIGENO DE ADULTO CON TUBO CORRUGADO  (MµSCARA DE TIENDA, PARA ADULTO, DESECHABLE, DE VINIL TRANSPARENTE, MUY SUAVE, MOLDEADO PARA LA BARBILLA, TUBO CORRUGADO DE 6PIES ( 72 PULGADAS ), BANDA DE ELµSTICO PARA LA CABEZA.)",2.00 ,0,0,50,50,100.00,,
2-09-0432-00,"RESPIRADORES CONTRA PARTICULAS DE ALTA FILTRACION N95 CON O SIN VALVULA DE EXALACION.        (SE SOLICITA TAMA•O GRANDE , SIN VALVULA DE EXALACION).",0.92 ,0,0,0,0,0.00,,
2-09-0441-00,"LLAVE DE TRES VIAS CON DOS (2) CONECTORES,ESTêRIL.",0.38 ,131200,3000,1600,"135,800","50,925.00",,
2-09-0443-00,"MALLA PARA REFORZAR PLANOS ANATOMICOS  SE SOLICITA DE 7.5 CM X 12.5CM                                                                                                                                                                                                                                                                                                                                        Para reparaci¢n tisular convencional y laparosc¢pica.
Especificaciones: 
1. EstÇril.
2. Polipropileno monofilamentoso no absorbible.
3. Flexible.
4. Bordes lisos redondeados.
5. Autoexpandible.
6. Tama§os:
? 7.5cm a 30.4cm (3? a 12?) x 7.5cm a 35.5cm (3? a 14?).",48.00 ,720,0,0,720,"34,560.00",,
2-09-0444-00,MALLA PARA REFORZAR PLANOS ANATOMICOS. SE SOLICITA TAMA•O DE 15 CM X 15CM,39.50 ,0,0,0,0,0.00,,
2-09-0444-01,"MALLA PARA REFORZAR PLANOS ANATOMICOS, 3"" A 10"" (7.5 A 25.4CM.) X 5"" A 14"" ( 12.5CM  A 35CM),  (SOLICITAMOS  22.9CM X 35CM.)",131.50 ,0,0,0,0,0.00,,
2-09-0450-00,MASCARILLA RECTANGULAR CON VISOR  (SE SOLICITA CON VISOR PARA ADULTO),0.16 ,330500,12000,4000,"346,500","54,989.55",,
2-09-0451-00,MASCARILLA PARA OXIGENO DE MEDIA CONCENTRACION  (SE SOLICITA TAMA•O ADULTO ALARGADA SIN RESVORIO )                                                                                                                                                                                                                                                            ,1.66 ,0,0,0,0,0.00,,
2-09-0452-00,"MASCARILLA RECTANGULAR DESECHABLE CUATRO TIRAS , CON O SIN VISOR. (SE SOLICITA  SIN VISOR TAMA•O ADULTO)",0.09 ,0,0,0,0,0.00,,
2-09-0453-01,"CONECTOR PARA ADMINISTRACION DE SOLUCION INTRAVENOSA CON BURETA (MICROGOTERO) (SE SOLICITA SITIO DE INYECCION CON MENBRANA  Y SITIO EN""Y""  LIBRE DE AGUJA) (SOLICITAMOS LIBRE DE AGUJA.)
",2.31 ,0,0,30,30,69.15,,
2-09-0453-04,MICRONEBULIZADOR CON MASCARA. (SE SOLICITA TAMA•O PEDIµTRICO),0.40 ,0,0,0,0,0.00,,
2-09-0453-06,MICRONEBULIZADOR CON MASCARA. (SE SOLICITA TAMA•O ADULTO),0.41 ,0,0,0,0,0.00,,
2-09-0455-02,ALGOD‡N EN MOTAS (Se solicita mota de 0.7gr) ,0.01 ,0,1128000,1200000,"2,328,000","11,640.00",,
2-09-0461-11,"PA•AL DESECHABLE PARA RECIEN NACIDO HASTA 5 LIBRAS (2.27Kg)                                                                                                                                                                                                                                                         
",0.22 ,0,0,0,0,0.00,,
2-09-0461-12,"PA•AL DESECHABLE PARA ADULTO. SE SOLICITA TAMA•O DE CINTURA 45"" A  58"" ( 114.3 CM A 147.32 CM)DE TELA NO TEJIDA)",0.41 ,0,0,0,0,0.00,,
2-09-0461-13,PA•AL DESECHABLE PARA NI•O. SE SOLICITA PESO DE 6 A 14 LBS,0.22 ,0,0,0,0,0.00,,
2-09-0461-14,PA•AL DESECHABLE PARA NI•O. SE SOLICITA PESO DE 12 A 24 LBS.                                                                                                                                                                                                                                                      ,0.31 ,0,0,0,0,0.00,,
2-09-0467-00,"PAPEL PARA ESTERILIZAR GRADO MêDICO (MINIMO DE 60 GRAMOS POR METRO CUADRADO), SE SOLICITA DE 8"" X 8"" (20 CMS X 20 CMS).",0.03 ,0,0,0,0,0.00,,
2-09-0467-01,"PAPEL PARA ESTERILIZAR GRADO MêDICO (MINIMO DE 60 GRAMOS POR METRO CUADRADO) SE SOLICITA DE 12"" X  12"" (30 CMS X 30 CMS)",0.06 ,0,0,0,0,0.00,,
2-09-0467-04,"PAPEL PARA ESTERILIZAR GRADO MêDICO (MINIMO 60 GRAMOS POR METRO CUADRADO), SE SOLICITA DE 16"" X  16"" (40 CMS X 40 CMS)",0.04 ,0,0,0,0,0.00,,
2-09-0467-05,"PAPEL PARA ESTERILIZAR GRADO MêDICO (MINIMO 60 GRAMOS POR METRO CUADRADO),  SE SOLICITA 18"" X 18"" (46 CMS. X 46 CMS.)",0.08 ,0,0,0,0,0.00,,
2-09-0467-07,"PAPEL PARA ESTERILIZAR GRADO MêDICO (MINIMO DE 60 GRAMOS POR METRO CUADRADO), (SE SOLICITA DE 24"" X 24"" 60 CMS. X 60 CMS.)",0.11 ,614000,14000,4000,"632,000","66,360.00",,
2-09-0467-09,"PAPEL PARA ESTERILIZAR GRADO MêDICO (M÷NIMO 60 GRAMOS POR METRO CUADRADO),  SOLICITAMOS 30"" X 30"" (75 CMS. 75 CMS).",0.22 ,0,0,0,0,0.00,,
2-09-0475-00,"PINZA DE AGARRE LAPAROSCOPICA CON DIENTE, 5MM DESECHABLE",60.54 ,0,0,0,0,0.00,,
2-09-0475-01,"INSTRUMENTO PARA LIGAR VASOS DE TITANIUM, DESECHABLE  (SE SOLICITA TAMA•O GRANDE)",94.54 ,0,168,0,168,"15,882.72",,
2-09-0475-02,"INSTRUMENTO PARA LIGAR VASOS DE TITANIUM, DESECHABLE  (SE SOLICITA TAMA•O MEDIANO)",60.89 ,0,0,0,0,0.00,,
2-09-0476-00,PLACA PARA IMPRESI‡N PLANTAR,1.15 ,37125,25,600,"37,750","43,412.50",,
2-09-0486-00,"SISTEMA CERRADO PARA DRENAJE DE FLUIDOS CONTINUOS. SE SOLICITA DE 19FR.,  DE SILICONA RESERVORIO 400CC A 450CC",33.69 ,750,126,0,876,"29,512.44",,
2-09-0489-01, SISTEMA PARA ASPIRACION DE MUESTRA DE MUCOSIDADES (TRAMPA),1.65 ,2200,200,600,"3,000","4,950.00",,
2-09-0495-00,JUEGO DE BOLSA DESECHABLE PARA CADµVER,6.93 ,34137,775,400,"35,312","244,712.16",,
2-09-0496-00,CONECTOR LIBRE DE AGUJAS PARA ACCESOS VASCULARES VENOSOS,1.74 ,0,0,0,0,0.00,,
2-09-0497-00,SET DESECHABLE PARA REMOVER PUNTOS DE SUTURAS. SE SOLICITA PINZA DE METAL,1.77 ,0,0,0,0,0.00,,
2-09-0497-04,"SISTEMA DE CATêTER URETERAL DOBLE J, PARA ADULTO.                    (SE SOLICITA DIAMETRO DE 6FR)",132.50 ,0,0,0,0,0.00,,
2-09-0498-00,"BANDEJA PARA PREPARACI‡N Y RASURADO DE LA PIEL
DESECHABLE PARA LA PREPARACION Y RASURADO DE LA PIEL, COMPUESTO POR: 1- BANDEJA PL∑STICA CON COMPARTIMIENTOS. 2- UNA MAQUINA DE RASURAR CON SU HOJA. 3- GASA 4"" X 4"". 4- CON SOLUCION JABONOSA DE BETHADINE. 5- DOS (2) APLICADORES DE 3"" CON PUNTA DE ALGOD„N. 6- DOS (2)TOALLAS PARA LA LIMPIEZA.BANDEJA PARA PREPARACION Y RASURADO DE LA PIEL.",1.29 ,0,0,0,0,0.00,,
2-09-0498-02,RECIPIENTE PARA SUCCION  SE SOLICITA Con v†lvulas de cierre,2.74 ,3900,600,200,"4,700","12,854.50",,
2-09-0498-03,"RECIPIENTE PARA SUCCION      SE SOLICITA Con v†lvulas de cierre -Capacidad De  2000 A 3000 cc DEBE ENTREGAR LOS EQUIPOS Y CONECTORES NECESARIOS PARA SU UTILIZACION, MINIMO 300 UNIDADES O SER COMPATIBLE CON EQUIPO EN LA INSTITUCION ADJUDICACION GLOBAL CON EL RENGLON 367",2.77 ,400,0,0,400,"1,108.00",,
2-09-0501-04,SISTEMA DE SUCCION E IRRIGACION LAPAROSCOPICA CON ESPATULA,54.97 ,8833,0,0,"8,833","485,523.51",,
2-09-0510-00,SONDA LISA DE CAUCHO BLANDO ROJO PARA CATETERISMO URETRAL. SE SOLICITA TAMA•O 8 FR,0.40 ,0,0,0,0,0.00,,
2-09-0510-01,SONDA LISA DE CAUCHO BLANDO ROJO PARA CATETERISMO URETRAL. (SE SOLICITA TAMA•O 10 FR),0.40 ,0,0,0,0,0.00,,
2-09-0510-02,SONDA LISA DE CAUCHO BLANDO ROJO PARA CATETERISMO URETRAL. (SE SOLICITA TAMA•O 12 FR),0.44 ,0,0,0,0,0.00,,
2-09-0510-03,SONDA LISA DE CAUCHO BLANDO ROJO PARA CATETERISMO URETRAL. (SE SOLICITA TAMA•O 14 FR),0.39 ,0,0,0,0,0.00,,
2-09-0510-04,SONDA LISA DE CAUCHO BLANDO ROJO PARA CATETERISMO URETRAL. SE SOLICITA  TAMA•O 16FR,0.64 ,1120,1800,0,"2,920","1,854.20",,
2-09-0510-05,SONDA LISA DE CAUCHO BLANDO ROJO PARA CATETERISMO URETRAL. (SE SOLICITA TAMA•O 18 FR),0.42 ,0,0,0,0,0.00,,
2-09-0512-01,"CATETER DE SUCCION NASO-FARINGEA . SE SOLICITA, CALIBRE 8FR DE 35CM DE LONGITD, CON GRADUACION Y PRESENTACION LONGITUDINAL.
",0.99 ,0,0,0,0,0.00,,
2-09-0513-00,"CATETER DE SUCCION NASO-FARINGEA . SE SOLICITA, CALIBRE 10FR DE 45CM DE LONGITD, CON GRADUACION Y PRESENTACION LONGITUDINAL.

",0.72 ,0,0,0,0,0.00,,
2-09-0513-01,"CATETER DE SUCCION NASO-FARINGEA. (SE SOICITA, CALIIBRE 12FR DE 45CM DE LONGITD, CON GRADUACION Y PRESENTACION LONGITUDINAL.)",0.45 ,14200,0,0,"14,200","6,319.00",,
2-09-0513-02,"CATETER DE SUCCION NASO-FARINGEA . SE SOLICITA, CALIBRE 14FR DE 45CM DE LONGITUD, CON GRADUACION Y PRESENTACION LONGITUDINAL.

",0.59 ,0,0,0,0,0.00,,
2-09-0513-03,"CATETER DE SUCCION NASO-FARINGEA. (SE SOLICITA, CALIBRE 16FR DE 45CM DE LONGITD, CON GRADUACION Y PRESENTACION LONGITUDINAL.)",0.59 ,27000,0,0,"27,000","15,930.00",,
2-09-0513-04,"CATETER DE SUCCION NASO-FARINGEA SE SOLICITA CALIBRE 18Fr,45cm DE LONGITUD CON GRADUACION Y PRESENTACION LONGITUDINAL
",0.74 ,0,0,0,0,0.00,,
2-09-0519-01,"MALLA HEMOSTATICA  (SE SOLICITA TIPO MALLA 2"" X 14"", 5CM X 35CM)                                                                                                                                                                                                                                                                                                                            ",22.25 ,0,0,0,0,0.00,,
2-09-0519-02,"MALLA HEMOSTATICA       SE SOLICITA  TIPO MALLA 4"" X 8"", 10CM X 20CM",31.94 ,4044,48,24,"4,116","131,465.04",,
2-09-0519-03,MALLA HEMOSTATICA (SE SOLICITA TIPO TELA DE 7.5 CM X 10.2CM DE LARGO).,72.17 ,0,0,0,0,0.00,,
2-09-0519-06,MALLA QUIRURGICA TRIDIMENSIONAL PARA REFORZAR PLANOS ANATOMICOS  SE SOLICITA  4.5CM X 7.5CM                                                                                                                                                                                                                      ,194.12 ,0,0,0,0,0.00,,
2-09-0519-07,MALLA QUIRURGICA TRIDIMENSIONAL PARA REFORZAR PLANOS ANATOMICOS  (SE SOLICITA 4.5CMS X 10CM  (BASE DE 10CMS TAMA•O GRANDE)                                                                                                                                                                                                                      ,206.11 ,0,0,0,0,0.00,,
2-09-0520-01,MALLA EXPANDIBLE TUBULAR            (SE SOLICITA TAMA•O 1),3.62 ,0,171,0,171,619.45,,
2-09-0520-02, MALLA EXPANDIBLE TUBULAR. SE SOLICITA  TAMA•O 2 CON CODIFICACI‡N DE COLORES. ,3.13 ,0,0,0,0,0.00,,
2-09-0520-04," MALLA EXPANDIBLE TUBULAR.  SE SOLICITA TAMA•O 4, SIN CODIFICADOR DE COLORES.",5.37 ,0,0,48,48,257.76,,
2-09-0520-05,MALLA EXPANDIBLE TUBULAR.           (SE SOLICITA TAMA•O 5),6.89 ,1562,0,0,"1,562","10,762.18",,
2-09-0520-06, MALLA EXPANDIBLE TUBULAR.  SE SOLICITA TAMA•O 6,6.99 ,0,0,0,0,0.00,,
2-09-0520-07,MALLA EXPANDIBLE TUBULAR.  SE SOLICITA TAMA•O 7,8.68 ,0,0,0,0,0.00,,
2-09-0520-08,MALLA EXPANDIBLE TUBULAR.   (SE SOLICITA TAMA•O 8 SIN CODIFICADOR DE COLORES),9.28 ,22704,46,0,"22,750","211,122.73",,
2-09-0520-09,MALLA EXPANDIBLE TUBULAR. SE SOLICITA TAMA•O 9 SIN CODIFICADOR DE COLORES.,16.23 ,356,264,123,743,"12,055.18",,
2-09-0521-02,"FêRULA CERVICAL PARA CUELLO DE DOS PIEZAS, TIPO PHILADELPHIA CIRCUNFERENCIA: PEQUE•O DE 10"" A 13"". ALTURA: DE 2¨ A 3¨",10.82 ,0,0,0,0,0.00,,
2-09-0521-03,"FêRULA CERVICAL PARA CUELLO DE DOS PIEZAS, TIPO PHILADELPHIA, CIRCUNFERENCIA: MEDIANO DE 13"" A 16"". ALTURA: DE 2¨ A 4¨",20.00 ,164,0,0,164,"3,280.00",,
2-09-0521-04,"FêRULA CERVICAL PARA CUELLO DE DOS PIEZAS, TIPO PHILADELPHIA (Se solicita circunferencia grande de  16"" a 19"", altura de 1´"" a 5¨"")                                                                                                   ",14.11 ,436,40,12,488,"6,885.68",,
2-09-0525-02,TAPON HEPARINIZADO PARA CANULA INTRAVENOSA. Para el cierre temporal de c†nula intravenosa y administraci¢n de medicamentos a intervalos regulares.(Se Solicita con membrana de l†tex y con Con conexi¢n de rosca (luer lock).,0.17 ,474800,0,0,"474,800","78,342.00",,
2-09-0528-01,TIJERA CURVA PARA CIRUGIA LAPAROSC‡PICA. ,34.22 ,0,0,0,0,0.00,,
2-09-0535-00,TUBO UNIVERSAL DE PLASTICO.  SE SOLICITA DE 6 MM. (1/4 DE PULGADA) DE LONGITUD DE 30 MT. (100PIES),9.93 ,2412,0,0,"2,412","23,939.10",,
2-09-0546-00,"TUBO NASOGASTRICA TIPO LEVIN .SOLICITAMOS TAMA•O 8 FR, LONG 120CM.
",1.12 ,0,0,0,0,0.00,,
2-09-0546-01,"TUBO NASOGASTRICA TIPO LEVIN. SOLICITAMOS TAMA•O 10FR, LONG 120CM
",0.62 ,200,388,50,638,392.37,,
2-09-0546-02,"TUBO NASOGASTRICA TIPO LEVIN. SOLICITAMOS TAMA•O 12 FR, LONG 120CM
",0.98 ,0,400,100,500,487.50,,
2-09-0547-00,"TUBO NASOGASTRICA TIPO LEVIN. SOLICITAMOS TAMA•O 18 FR, LONG 120CM",1.05 ,0,0,0,0,0.00,,
2-09-0548-00,"TUBO NASOGµSTRICO TIPO LEVIN (Se solicita de 16 FR, longitud 120cm)  
",0.96 ,0,0,0,0,0.00,,
2-09-0556-01,TUBO ENDOTRAQUEAL CON BALON    (SE SOLICITA TAMA•O DE 7MM),0.51 ,86200,0,1760,"87,960","45,123.48",,
2-09-0556-02,TUBO ENDOTRAQUEAL CON BALON. SE SOLICITA TAMA•O DE 7.5MM,0.51 ,33520,1720,420,"35,660","18,293.58",,
2-09-0556-03,TUBO ENDOTRAQUEAL CON BALON   (SE SOLICITA TAMA•O DE 8MM),0.51 ,77220,0,90,"77,310","39,660.03",,
2-09-0556-04,TUBO ENDOTRAQUEAL CON BALON.  (SE SOLICITA TAMA•O DE 8.5MM),0.51 ,0,440,0,440,225.72,,
2-09-0559-01,CANÈLA DE TRAQUEOSTOM÷A. SE SOLICITA TAMA•O N¯ 8,46.25 ,0,0,104,104,"4,810.00",,
2-09-0559-04,CANÈLA DE TRAQUEOSTOM÷A.                      (SE SOLICITA TAMA•O N¯ 6),39.99 ,0,272,0,272,"10,877.28",,
2-09-0563-01,CµNULA OROFARINGEA TIPO BERMAN (SE SOLICITA DE 90MM ADULTO).,0.62 ,0,0,0,0,0.00,,
2-09-0563-02,CANULA OROFARINGEA TIPO BERMAN. SE SOLICITA N¯10 (100MM) ADULTO,0.53 ,0,0,0,0,0.00,,
2-09-0564-00,"SONDA O TUBO PARA ALIMENTACI‡N ENTERAL DE 5 FR A 20FR, Se solicita calibre 5FR y 38cm de longitud CON TAPON INCORPORADO
",1.72 ,20500,300,0,"20,800","35,776.00",,
2-09-0565-00,SONDA O TUBO PARA ALIMENTACION ENTERAL DE 5 FR A 20FR.        (SE SOLICITA CALIBRE 8 FR Y 38CM DE LONGITUD),0.55 ,3050,150,200,"3,400","1,870.00",,
2-09-0567-00,"TUBOS DE DRENAJE TIPO PENROSE. SE SOLICITA 1/4"" 6.35MM x 45.7 CM",0.97 ,0,0,0,0,0.00,,
2-09-0567-02,"TUBO DE DRENAJE TIPO PEMROSE. SE SOLICITA DE:  1/2"" (12.70MM)  X 12"" (30.5CM)  DE LONGITUD",1.50 ,0,0,0,0,0.00,,
2-09-0568-00,CANULA NASAL PARA ADMINISTRAR OXIGENO (SE SOLICITA TAMA•O ADULTO),0.39 ,0,0,0,0,0.00,,
2-09-0568-01,CANULA NASAL PARA ADMINISTRAR OXIGENO. SE SOLICITA: TAMA•O PEDIATRICO,0.37 ,0,0,0,0,0.00,,
2-09-0576-00,VASO PLµSTICO DESECHABLE  PARA MEDICAMENTO (SE SOLICITA SIN TAPA),0.03 ,450000,13500,8200,"471,700","13,679.30",,
2-09-0577-02,"VENDA ABDOMINAL QUIRÈRGICA . SE SOLICITA  TAMA•O 18 X 18"" PULGADAS.                                                                                                                                                                                                                          
Venda abdominal de gasa prelavada, EstÇril De 8˘ a 18"" x 18""a 36˘ Malla de 20 a 24 x 28 hilos, Cuatro a seis(4-6) dobleces. Con elemento radio-opaco. LA INSTITUCION SOLICITARA EL TAMA•O REQUERIDO.",0.40 ,61600,29200,26800,"117,600","46,452.00",,
2-09-0578-00,"VENDA AJUSTABLE DE GASA ABSORBENTE DE 1 A 2 DOBLECES (Se solicita de 1"") ",0.16 ,0,0,0,0,0.00,,
2-09-0578-01,"VENDA AJUSTABLE DE GASA ABSORBENTE DE 1 A 2 DOBLECES. SE SOLICITA TAMA•O DE  2""",0.08 ,0,0,0,0,0.00,,
2-09-0578-02,"VENDA AJUSTABLE DE GASA ABSORBENTE DE 1 A 2 DOBLECES. SE  SOLICITA  TAMA•O DE  3""",0.12 ,0,0,0,0,0.00,,
2-09-0578-03,"VENDA AJUSTABLE DE GASA ABSORBENTE DE 1 A 2 DOBLECES. SE  SOLICITA TAMA•O DE  4""",0.14 ,0,0,0,0,0.00,,
2-09-0580-02,"VENDA DE GASA SIMPLE 1 A 4"" DE ANCHO                                                                                                                                                                                                              ",0.24 ,0,0,0,0,0.00,,
2-09-0580-03,"VENDA DE GASA SIMPLE  (Se solicita de 4"" de ancho y 10yds de longitud). ",0.60 ,21168,1920,0,"23,088","13,852.80",,
2-09-0581-00,"VENDA ELASTICA  SE SOLICITA 2"" DE ANCHO X 5"" YARDAS DE LONGITUD                                                                                                                                                                                                                                                                            ",0.65 ,5028,852,0,"5,880","3,792.60",,
2-09-0581-01,"VENDA ELASTICA  SE SOLICITA 3"" DE ANCHO X 5"" YARDAS DE LONGITUD                                                                                                                                                                                                                                                                               ",0.26 ,0,0,0,0,0.00,,
2-09-0581-02,"VENDA ELASTICA  SE SOLICITA 4"" DE ANCHO X 5"" YARDAS DE LONGITUD                                                                                                                                                                                                                                                                               ",1.34 ,26460,1308,0,"27,768","37,070.28",,
2-09-0581-03,"VENDA ELASTICA  SE SOLICITA 6"" DE ANCHO X 5"" YARDAS DE LONGITUD                                                                                                                                                                                                                                                                               ",0.74 ,0,0,0,0,0.00,,
2-09-0583-00,"VENDA DE YESO     (SE SOLICITA DE FRAGUADO RµPIDO DE 3"" X 3 YARDAS, DE MAXIMO DE 5 MINUTOS)",1.08 ,10260,960,0,"11,220","12,117.60",,
2-09-0583-01,"VENDA DE YESO . SE SOLICITA DE FRAGUADO RµPIDO MAXIMO DE 5 MINUTOS DE 4"" X 3 YARDAS",2.02 ,4604,0,216,"4,820","9,736.40",,
2-09-0583-02,"VENDA DE YESO, SE SOLICITA DE FRAGUADO RµPIDO MAXIMO DE 5 MINUTOS DE  4"" X 5 YARDAS.",2.06 ,0,0,0,0,0.00,,
2-09-0583-03,"VENDA DE YESO  SE SOLICITA DE FRAGUADO RµPIDO MAXIMO DE 5 MINUTOS DE 5"" X 5 YARDAS",2.45 ,0,0,0,0,0.00,,
2-09-0583-04,"VENDA DE YESO, SE SOLICITA DE FRAGUADO RµPIDO MAXIMO DE 5 MINUTOS DE 6"" X 5 YARDAS.",3.53 ,516,432,624,"1,572","5,549.16",,
2-09-0583-06,"VENDA DE YESO, SE SOLICITA DE FRAGUADO RµPIDO MAXIMO DE  5 MINUTOS DE  8"" X 5 YARDAS.",3.49 ,0,864,0,864,"3,015.36",,
2-09-0584-00,"VENDA DE GASA ABSORBENTE AJUSTABLE,  6 DOBLECES",0.76 ,0,0,0,0,0.00,,
2-09-0589-00,"SUTURA CATGUT CR‡MICO, CALIBRE 0, LONGITUD 67 A 75 CM.  AGUJA DE 35 A 37MM, DELGADA, ´ ÷IRCULO, PUNTA REDONDA. ",1.14 ,56160,0,432,"56,592","64,231.92",,
2-09-0592-00,"SUTURA: CATGUT CR‡MICO, CALIBRE 1",1.30 ,216,588,72,876,"1,138.80",,
2-09-0593-00,"SUTURA: CATGUT CR‡MICO, (SE SOLICITA CALIBRE 1)",0.82 ,0,0,0,0,0.00,,
2-09-0594-00,"SUTURA: CATGUT CR‡MICO, CALIBRE 1, LONGITUD 75 CM,  AGUJA DE  37 MM, GRUESA, ´ C÷RCULO, PUNTA REDONDA GRUESA. ",1.21 ,0,0,0,0,0.00,,
2-09-0597-00,"SUTURA: CATGUT CR‡MICO, CALIBRE 2-0",1.40 ,12108,0,240,"12,348","17,287.20",,
2-09-0598-00,"SUTURA: CATGUT CR‡MICO CALIBRE  2-0,  SE SOLICITA DE LONGITUD DE 75 CM CON AGUJA DE 37 MM PUNTA REDONDA DELGADA",0.95 ,4272,0,0,"4,272","4,058.40",,
2-09-0599-01,"SUTURA: CATGUT SIMPLE, CALIBRE 2-0, LONGITUD 67 A 75cm, AGUJA DE 20 A 22mm, ´ C÷RCULO, PUNTA REDONDA ESTêRIL ",1.39 ,0,0,0,0,0.00,,
2-09-0600-00,"SUTURA: CATGUT CR‡MICO, CALIBRE 3-0",1.70 ,19588,1392,48,"21,028","35,747.60",,
2-09-0603-00,"SUTURA: CATGUT CROMICO, CALIBRE 4-0",0.73 ,0,0,0,0,0.00,,
2-09-0605-00,"SUTURA: CATGUT CR‡MICO, CALIBRE  5-0, LONGITUD 45 CM. AGUJA DE 12 o 13 MM., ? C÷RCULO, PUNTA CORTANTE ESTêRIL. ",1.12 ,384,696,552,"1,632","1,827.84",,
2-09-0625-02,"SUTURA: POLIPROPILENO MONOFILAMENTO AZUL, CALIBRE 0",0.87 ,0,0,0,0,0.00,,
2-09-0625-04,"SUTURA: POLIPROPILENO MONOFILAMENTO AZUL, CALIBRE 2-0, AGUJA REDONDA LONGITUD 75 A 90 CM. AGUJA DOBLE DE 25 A 26 MM., ´ C÷RCULO, PUNTA REDONDA ESTêRIL. ",1.43 ,0,2088,0,"2,088","2,985.84",,
2-09-0625-06,"SUTURA DE POLIPROPILENO MONOFILAMENTO AZUL,CALIBRE1",0.93 ,0,4608,0,"4,608","4,292.44",,
2-09-0626-02,"SUTURA: NYLON MONOFILAMENTO, CALIBRE 3-0",0.51 ,0,0,0,0,0.00,,
2-09-0627-01,"SUTURA NYLON MONOFILAMENTO, CALIBRE 3-0 Con longitud 75 cm. con aguja de 24 mm., 3/8 circulo, punta cortantes reverso estÇril.",0.47 ,0,0,0,0,0.00,,
2-09-0627-04,"SUTURA: NYLON MONOFILAMENTO, CALIBRE 4-0",0.50 ,0,0,0,0,0.00,,
2-09-0629-02,SUTURA NYLON MONOFILAMENTO CALIBRE 10-0.      ,5.98 ,0,0,0,0,0.00,,
2-09-0633-00,"SUTURA: NYLON MONOFILAMENTO, SE SOLICITA CALIBRE 6-0",1.25 ,0,0,0,0,0.00,,
2-09-0633-06,"SUTURA: NYLON MONOFILAMENTO, CALIBRE 5-0, LONGITUD 45 CM., AGUJA DE 19 MA 20 MM., ? C÷RCULO, PUNTA CORTANTE. ",0.85 ,31392,288,216,"31,896","26,952.12",,
2-09-0633-08,"SUTURA: POLIPROPILENO MONOFILAMENTO, CALIBRE 7-0",2.65 ,0,1152,0,"1,152","3,047.90",,
2-09-0633-13,"SUTURA MONOFILAMENTO POLIDIOXANONA CALIBRE 4-0 Descripci¢n del producto: Sutura Monofilamento de Polidioxanona recubierta de triclosan ,incolora,    (SE SOLICITA: calibre 4-0,longitud 45cm, aguja de 19mm,3/8 circulo,punta cortante.)",7.11 ,0,0,0,0,0.00,,
2-09-0633-18,"SOLUCION ADHESIVA TOPICA PARA LA SUTURA DE LA PIEL  (SE SOLICITA DE 0.5ML
ESTERIL DE USO UNICO, EN ENVASE BURBUJA CON PUNTA, APLICADOR, DE FORMULACION MONOMETRICA DE (2
OCTIL CIANOACRILATO) Y CON BARRERA MICROBIAL DE 0.25ML,0.50ML,0.75ML DE LIQUIDO ADHESIVO.)",42.63 ,0,0,0,0,0.00,,
2-09-0634-02,"SUTURA: µCIDO POLIGLIC‡LICO TRENZADO, CALIBRE  0, (SE SOLICITA LONGITUD 75CM AGUJA DE 26 MM, 1/2 CIRCULO, PUNTA REDONDA GRUESA)",1.37 ,0,0,0,0,0.00,,
2-09-0634-04,"SUTURA: ACIDO POLIGLICOLICO TRENZADO, CALIBRE 0, LONGITUD 70 CM. AGUJA DE 37 MM. GRUESA 1/2 CIRCULO, PUNTA REDONDA ESTERIL. ",1.32 ,0,0,0,0,0.00,,
2-09-0634-06,"SUTURA: ACIDO POLIGLICOLICO TRENZADO, CALIBRE 1, SE SOLICITA AGUJA DE 35 MM. LONGITUD 70CM",1.30 ,0,0,0,0,0.00,,
2-09-0635-00,"SUTURA: µCIDO POLIGLIC‡LICO TRENZADA, CALIBRE 2-0",1.59 ,25584,648,144,"26,376","41,937.84",,
2-09-0635-04,"SUTURA: µCIDO POLIGLIC‡LICO TRENZADO, CALIBRE 1 LONGITUD 67 A 75 CM. AGUJA DE 35 A 37 MM., 1/2 C÷RCULO, PUNTA REDONDA GRUESA.                                                                                              SOLICITAMOS: AGUJA CALIBRE 36MM LONG 70CM ",1.39 ,0,0,0,0,0.00,,
2-09-0635-09,"SUTURA ACIDO POLIGLICOLICO TRENZADO, CALIBRE 4-0, SE SOLICITA AGUJA 19MM, 3/8 CIRCULO PUNTA CORTANTE ESTERIL, LONGITUD 45CM",1.38 ,0,0,0,0,0.00,,
2-09-0635-10,"SUTURA: ACIDO POLIGLIC‡LICO TRENZADO, CALIBRE 4-0",1.36 ,13824,216,0,"14,040","19,024.20",,
2-09-0635-13,"SUTURA: µCIDO POLIGLIC‡LICO TRENZADO, CALIBRE 3-0 ",1.58 ,17004,144,144,"17,292","27,321.36",,
2-09-0638-02,"SUTURA ACIDO POLIGLICOLICO TRENZADO, SE SOLICITA CALIBRE 6-0",6.67 ,528,288,0,816,"5,442.72",,
2-09-0640-00,SUTURA: SEDA NEGRA TRENZADA SILICONIZADA CALIBRE 0,0.91 ,0,0,0,0,0.00,,
2-09-0642-00,SUTURA: SEDA NEGRA TRENZADA SILICONIZADA CALIBRE 1.,0.87 ,19680,0,720,"20,400","17,646.00",,
2-09-0642-01,"SUTURA: SEDA NEGRA TRENZADA SILICONIZADA, CALIBRE 1,  SE SOLICITA   LONGITUD 75CM.,  10 HEBRAS",1.59 ,0,0,0,0,0.00,,
2-09-0644-00,"SUTURA: SEDA NEGRA TRENZADA SILIC‡N IZADA CALIBRE 2.0, SE SOLICITA LONGITUD 75CM, 10 HEBRAS",0.91 ,0,0,0,0,0.00,,
2-09-0645-00,"SUTURA: SEDA NEGRA TRENZADA SILICONIZADA CALIBRE 2.0, SE SOLICITA DE LONGITUD 75CM",0.81 ,23064,0,576,"23,640","19,148.40",,
2-09-0646-00,"SUTURA: SEDA NEGRA TRENZADA SILIC‡NIZADA, CALIBRE 3-0",1.08 ,2700,228,432,"3,360","3,628.80",,
2-09-0647-01,"SUTURA: SEDA NEGRA TRENZADA SILICONIZADA, CALIBRE 3-0",0.50 ,0,0,0,0,0.00,,
2-09-0648-00,SUTURA: SEDA NEGRA TRENZADA SILICONIZADA CALIBRE 3.0   SE SOLICITA AGUJA DE 22 MM,1.75 ,0,0,0,0,0.00,,
2-09-0653-00,"SUTURA: SEDA NEGRA TRENZADA SILICONIZADA, CALIBRE 4-0, LONGITUD 45cm, AGUJA DE 12 A 13mm, ? C÷RCULO, PUNTA CORTANTE, ESTêRIL",0.72 ,5400,0,0,"5,400","3,888.00",,
2-09-0655-00,"SUTURA: SEDA NEGRA TRENZADA  SILICONIZADA, CALIBRE 6-0. SE SOLICITA LONGITUD 45 CM.  AGUJA DE 11 A 12 MM., 3/8 CIRCULO, PUNTA CORTANTE",1.28 ,0,576,0,576,737.28,,
2-09-0661-01,"SUTURA: POLIPROPILENO MONOFILAMENTO CALIBRE 3-0, DE LONGITUD 90CM, DOBLE AGUJA DE 25 - 26MM, 1/2 C÷RCULO PUNTA REDONDA ESTêRIL",1.65 ,0,576,0,576,947.52,,
2-09-0697-00,PLANCHA DE CAUTERIO DESECHABLE,3.29 ,0,0,0,0,0.00,,
2-09-0763-01,"APOSITO PROTECTOR, SE SOLICITA TAMA•O 10CM X 10CM",16.81 ,1600,0,0,"1,600","26,888.00",,
2-09-0764-01,"APOSITO DE ESPUMA, se solicita Tama§os con borde 15 CM X 20 CM",38.70 ,200,0,0,200,"7,740.00",,
2-09-0765-01,"APOSITO DE ESPUMA, se solicita Tama§os sin borde 12.5CM X 12.5CM",26.50 ,2400,0,0,"2,400","63,600.00",,
2-09-0766-01,"APOSITO DE ESPUMA, se solicita Tama§os SIN BORDEN 20CM X 20CM",47.80 ,0,0,0,0,0.00,,
2-09-0767-01,"CAPA POROSA O BIOMATRIZ, SE SOLICITA TAMA•O 10 cm x 10 cm, con 420 agujeros de 1600 micrones.",60.00 ,210,2640,0,"2,850","171,000.00",,
2-09-0774-01,"SOLUCI‡N PARA LAVADO, IRRIGACI‡N Y DESBRIDAMIENTO DE HERIDAS, se solicita Botella con tapa rosca 500ml",25.00 ,0,0,0,0,0.00,,
2-09-0775-01,"SOLUCI‡N PARA LAVADO, IRRIGACI‡N Y DESBRIDAMIENTO DE HERIDAS, se solicita, Dispensador en aerosol con tapa atomizador 250 ml",20.25 ,0,0,0,0,0.00,,
2-09-0776-01,"SOLUCI‡N PARA LAVADO, IRRIGACI‡N Y DESBRIDAMIENTO DE HERIDAS, se solicita tama§o en bolsas con puerto de irrigaci¢n de 1000 ml.",62.41 ,0,0,0,0,0.00,,
2-09-0777-01,"SOLUCI‡N PARA LAVADO, IRRIGACI‡N Y DESBRIDAMIENTO DE HERIDAS, SE SOLICITA EL TAMA•O Compresa presaturada Empaque individual de gasa de 8 capas de 10 cm x 10 cm.",6.91 ,0,0,0,0,0.00,,
2-09-0778-01,"SOLUCI‡N PARA LAVADO, IRRIGACI‡N Y DESBRIDAMIENTO DE HERIDAS SE SOLICITA, Gel Dispensador en spray aerosol 100 g.",47.51 ,0,0,0,0,0.00,,
2-09-0917-01,"ESPUMA DE POLIURETANO (PU) CON SISTEMA DE CONTROL DE CARGA DE TRANSPIRACI‡N CONTINUA, se solicita 4"" x 5"" (10.2 cm x 12.7 cm)",28.90 ,1680,0,0,"1,680","48,552.00",,
2-09-0918-01,"ESPUMA DE POLIURETANO (PU) CON SISTEMA DE CONTROL DE CARGA DE TRANSPIRACI‡N CONTINUA, se solicita ""8x8""(20.3 cm x 20.3 cm)",73.42 ,5380,0,0,"5,380","394,999.60",,
2-09-0919-01,"ESPUMA DE POLIURETANO CON SISTEMA DE CONTROL DE CARGA IMPERMEABLE, se solicita ""4 x 5"" (10.2cm x 12.7 cm)",27.80 ,0,0,0,0,0.00,,
2-09-0920-01,"ESPUMA DE POLIURETANO CON SISTEMA DE CONTROL DE CARGA IMPERMEABLE, se solicita ""8x8""(20.3 cm x 20.3 cm)",73.42 ,0,0,0,0,0.00,,
2-09-0921-01,"ESPUMA DE ALCOHOL POLIVINILICO CON SISTEMA DE CONTROL DE CARGA,    (SE SOLICITA ,EXUDADO MODERADO SIN PEL÷CULA DE RETENCI‡N DE HUMEDAD 15.2 cm x 15.2 cm (6? x 6?).",14.61 ,0,0,600,600,"8,766.00",,
2-09-0922-01,"ESPUMA DE ALCOHOL POLIVINILICO CON SISTEMA DE CONTROL DE CARGA,      (SE SOLICITA PARA TUNELIZACION DE 9 mm (1.2g)",14.61 ,44600,1120,600,"46,320","676,735.20",,
2-09-0923-01,"ESPUMA DE ALCOHOL POLIVINILICO CON SISTEMA DE CONTROL DE CARGA,     (SE SOLICITA, EXUDADO MODERADO SIN PEL÷CULA DE RETENCI‡N DE HUMEDAD, TAMA•O 10.2 cm x 10.2 cm  x 1.29 cm (4"" x 4"" x 0.5"")",56.25 ,0,1075,0,"1,075","60,468.75",,
2-09-0924-01,"ESPUMA DE ALCOHOL POLIVINILICO CON SISTEMA DE CONTROL DE CARGA,    ( SE SOLICITA , EXUDADO ABUNDANTE SIN PEL÷CULA DE RETENCI‡N DE HUMEDAD TAMA•O De forma isla adherente de 10.2 cm x 12 cm (4"" x 4.75"") y espuma de 5 cm x 7 cm (2"" x 2.75"").",34.98 ,0,0,0,0,0.00,,
2-09-0941-00,CUCHILLA PARA PODADORA DE VELLOS Y CABELLOS CON SISTEMA OSCILANTE (Ofrecer Nueva Tecnologia) SE SOLICITAN UN MINIMO DE 100,3.11 ,0,0,0,0,0.00,,
2-09-1007-00,ESPECULO VAGINAL (SE SOLICITA TAMA•O CHICO),0.22 ,0,0,0,0,0.00,,
2-09-1007-01,ESPECULO VAGINAL (SE SOLICITA TAMA•O MEDIANO),1.24 ,0,0,0,0,0.00,,
2-09-1007-02,ESPECULO VAGINAL (SE SOLICITA TAMA•O GRANDE)  ,1.23 ,25000,2000,2800,"29,800","36,654.00",,
2-09-1111-00,"SUTURA µCIDO POLIGLICOLICO TENZADO, SE SOLICITA CALIBRE 3-0",0.94 ,65664,504,144,"66,312","62,261.00",,
2-09-1112-00,SUTURA DE µCIDO POLIGLIC‡LICO CALIBRE 0 DE 60-75CM DE LONGITUD.,3.35 ,10800,0,0,"10,800","36,126.00",,
2-09-1113-00,"MATRIZ EXTRACELULAR TRIDIMENSIONAL, SE SOLICITA 7 x 20CM, MALLA",295.60 ,0,0,0,0,0.00,,
2-09-1116-00,"MATRIZ DE CELULOSA OXIDADA REGENERADA Y COL∑GENO, SE SOLICITA TAMA•O 123 CENTIMETROS CUADRADOS.                                                                                                                                                                                                                                                                      ",54.80 ,0,0,0,0,0.00,,
2-09-1125-00,INSTRUMENTO O PINZA CURVA PARA FUSION DE TEJIDOS PARA ELECTROCAUTERIO MULTIMODAL O BIPOLAR AVANZADO (CIRUGIA ABIERTA) DESECHABLE,625.00 ,0,144,0,144,"90,000.00",,
2-09-1126-00,PINZA LAPARASCOPICA DE 10 MM CON CORTE INCORPORADO PARA SELLADO DE VASOS SANGUINEOS MEDIANTE PRESION.                                                                                                                                                         ,404.75 ,0,0,0,0,0.00,,
2-09-1127-00,"LAPIZ PARA ELECTROCAUTERIO MULTIMODAL (CORTE,DISECCION Y COAGULACION)                                                                                                                                                                                                                                                             ",43.21 ,0,0,0,0,0.00,,
2-09-1128-00,"PINZA PARA FUSION DE TEJIDOS Y DISECCION MONOPOLAR DE 5MM LAPARASCOPICA PARA ELECTROCAUTERIO MULTIMODAL, Se Solicita de 37 Long, mandibula curva. ",846.54 ,0,0,0,0,0.00,,
2-09-1129-00,PINZA LAPARASCOPICA DE 5 MM CON CORTE INCORPORADO PARA SELLADO DE VASOS SANGUINEOS MEDIANTE PRESION.                                                                                                                              ,561.51 ,0,0,0,0,0.00,,
2-09-1133-00,"TROCAR PARA CIRUGIA LAPAROSCOPICA DE 2MM A 15MM DE DIAMETRO, PUNTA CORTANTE DESECHABLE CON PROTECCION ACTIVA Y REDUCTOR INCORPORADO",64.62 ,2256,0,36,"2,292","148,109.04",,
2-09-1134-00,INSTRUMENTO PARA PROLAPSO RECTAL Y HEMORROIDES,199.50 ,212,96,0,308,"61,446.00",,
2-09-1135-00,TROCAR PARA CIRUGIA LAPAROSCOPICA  DE 5MM A 12MM DE DIAMETRO CON SISTEMA DE ANCLAJE (TIPO HASSAN O TêCNICA ABIERTA) PUNTA ROMA DESECHABLE.                                             ,68.35 ,0,0,0,0,0.00,,
2-09-1136-00,"MALLA TRI-LAMINADA DELGADA.  (SE SOLICITA TAMA•O 8"" X 12"" (20 X 30cm))","1,651.43 ",0,0,0,0,0.00,,
2-09-1137-00,HEMOSTATICO ABSORVIBLE DE TEXTURA ALGODONOSA            (SE SOLICITA: TAMA•O: 2.5 X 5CM),110.00 ,0,0,0,0,0.00,,
2-09-1195-00,SUTURA MONOFILAMENTO POLIDIOXANONA  CALIBRE 1  (SE SOLICITA AGUJA  70MM ),19.70 ,0,0,0,0,0.00,,
2-09-1196-00,"SUTURA MONOFILAMENTO SINTETICO ABSORBIBLE, SE SOLICITA CALIBRE 5-0",1.56 ,43200,480,0,"43,680","68,114.16",,
2-09-1197-00,"SUTURA: MONOFILAMENTO SINTETICO ABSORBIBLE, CALIBRE 4-0 ",1.37 ,0,684,0,684,935.42,,
2-09-1199-00,"CANULA DE ASPIRACION TIPO YANKEUER. SE SOLICITA TIPO RIGIDA DE ADULTO de 12"" y tuberia de 72"" o MAS",1.55 ,0,0,0,0,0.00,,
2-09-1250-01,"SISTEMA DE ENGRAPADO O LIGADURA, PARA CLIP DE POLIMERO NO ABSORBIBLE",89.59 ,0,0,0,0,0.00,,
2-09-1550-01,"GUANTES QUIRÈRGICOS LIBRES DE LATEX Y POLVO, ESTêRIL  SE SOLICITA TAMA•O 6 1/2",1.31 ,142000,25400,15400,"182,800","238,554.00",,
2-09-1551-01,"GUANTES QUIRÈRGICOS LIBRES DE LATEX Y POLVO, ESTêRIL                      (SE SOLICITA TAMA•O 7)",1.64 ,0,0,0,0,0.00,,
2-09-1552-01,"GUANTES QUIRÈRGICOS LIBRES DE LATEX Y POLVO, ESTêRIL . SE SOLICITA TAMA•O 7.5",1.64 ,0,0,0,0,0.00,,
2-09-1582-01,GLUCONATO DE CLORHEXIDINA AL 4% EN ESPUMA PARA ANTISEPSIA DE MANO.   ( LA EMPRESA QUE SE LE ADJUDIQUE DEBE PROPORCIONAR ELSISTEMA DE DISPENSACION POR BOMBA DE PIE) ,28.94 ,0,0,0,0,0.00,,
2-09-1583-01,"GUANTES DE NITRILO PARA EXAMEN SIN POLVO, NO ESTêRIL.       (SE SOLICITA TAMA•O MEDIANO)",0.04 ,0,0,0,0,0.00,,
2-09-1584-01,"GUANTES DE NITRILO PARA EXAMEN SIN POLVO, NO ESTêRIL.     (SE SOLICITA TAMA•O GRANDE)",0.02 ,480000,230000,60000,"770,000","18,249.00",,
2-09-1604-01,SOLUCION QUIRURGICA ANTISEPTICO PARA LA PIEL. SE SOLICITA VOLUMEN DE 26ML,11.31 ,0,0,0,0,0.00,,
2-09-1635-01,"SUTURA: POLIPROPILENO MONOFILAMENTO, CALIBRE 6-0  ( 1/2 de circulo)",4.46 ,0,0,0,0,0.00,,
2-09-1639-01,"INJERTO VASCULAR CONICO CON ANILLOS INTEGRADOS AL PTFE.   (SE SOLICITA: CON HEPARINA BIOACTIVA, CAN ANILLO INTEGRAD, INJERTO VASCULAR C‡NICO Entre 4MM y 6MM ,Longitud 45CM).","1,815.00 ",0,0,0,0,0.00,,
2-09-1680-01,"INJERTO VASCULAR CONICO CON ANILLOS INTEGRADOS AL PTFE.   SE SOLICITA:  CON HEPARINA BIOACTIVA, CAN ANILLO INTEGRAD, INJERTO VASCULAR C‡NICO ENTRE 4MM y  7MM , LONGITUD 45CM","1,850.00 ",620,0,0,620,"1,147,000.00",,
2-09-1706-01,"ESPIROMETRO INCENTIVO PARA REALIZAR EJERCICIOS DE RESPIRACION PROFUNDA.
(DESECHABLE):",19.95 ,32264,408,96,"32,768","653,580.37",,
2-09-1718-01,LENTE INTRAOCULAR PLEGABLE DE ACRILICO HIDROFOBICO DE +10.00 A +30.00 DIOPTRIAS.,39.90 ,0,0,0,0,0.00,,
2-09-1759-02,"CEPILLO PARA LAVADO QUIRURGICO DESECHABLE CON CLOREXIDINA AL 4%,ESTERIL",0.68 ,0,0,0,0,0.00,,
2-09-1937-00,DELANTAL PROTECTOR DE FLUIDOS   (JUMSUIT) ,41.13 ,333802,6500,3200,"343,502","14,128,237.26",,
2-09-1964-01,"Cuchillete con Mango de 15ß hasta 45ß  (se solicita de 15¯) Desechable, esteril, con hoja en forma de lanceta de una sola pieza de 3 a 5mm.",10.95 ,1560,0,0,"1,560","17,082.00",,
2-09-2031-01,GLUCONATO DE CLORHEXIDINA AL 2% EN ESPUMA PARA ANTISEPSIA DE MANO. ( LA EMPRESA QUE SE LE ADJUDIQUE DEBE PROPORCIONAR EL SISTEMA DE DISPENSACION POR BOMBA DE PIE)  ,19.25 ,0,0,0,0,0.00,,
2-09-2149-01,CANULA NASOFARINGEA DE 32 FR A 36 FR.                 (SE SOLOCITA TAMA•0 32FR) ,3.69 ,10800,400,0,"11,200","41,368.32",,
2-09-2150-01,CANULA NASOFARINGEA  DE 32 FR A 36 FR.                        (SE SOLOCITA TAMA•0 34FR),3.69 ,2920,400,0,"3,320","12,239.51",,
2-09-2151-01,CANULA NASOFARINGEA  DE 28 FR A 30 FR. SE SOLOCITA TAMA•0 30FR      ,3.69 ,0,1200,0,"1,200","4,432.08",,
2-09-2152-01,CANULA NASOFARINGEA  DE 28 FR A 30 FR. SE SOLOCITA TAMA•0 28FR   ,3.65 ,360,400,0,760,"2,777.04",,
2-09-2230-01,"CAL SODADA SIN PRODUCCION DEL COMPUESTO A. SE SOLICITA BOLSA DE 1KG? Indicador de violeta de etilo <1%? Hidr¢xido de calcio de porcentaje de peso >75%.? En caso que contenga catalizador: Cloruro de litio de % de peso entre 0% y 3% ¢ Hidr¢xido de Sodio entre 0% y 2%
",110.17 ,0,0,0,0,0.00,,
2-09-2354-01,"GASA 2"" X 2"" X 16 DOBLECES, ESTêRIL",0.03 ,0,0,0,0,0.00,,
2-09-2355-01,"GASA 2"" X 2"" X 16 DOBLECES CON ELEMENTO RADIOPACO, ESTERIL",0.03 ,0,0,0,0,0.00,,
2-09-2356-01,"GASA 3"" X 3"" X 16 DOBLECES, ESTERIL",0.07 ,0,0,0,0,0.00,,
2-09-2358-01,"GASA 8"" X 4"" X 16 DOBLECES, ESTêRIL",0.07 ,0,0,0,0,0.00,,
2-09-2359-01,"GASA 8"" X 4"" X 16 DOBLECES CON ELEMENTOS RADIOPACO, ESTêRIL",0.26 ,0,0,0,0,0.00,,
2-09-2361-01,"GASA SIMPLE 4"" X 4"" X 16 ESTêRIL",0.21 ,0,0,0,0,0.00,,
2-09-2440-01,"AGUJAS PARA LOCALIZACION Y BLOQUEO DE NERVIO PERIFERICO.                             (SE SOLICITA TAMA•O 22Ga X 2"").",11.80 ,0,80,0,80,944.00,,
2-09-2685-01,"CIRCUITO DESECHABLE DE VENTILADOR INTEGRADO DE HUMIDIFICACI‡N PASIVA Y
FILTRACI‡N DE 72 HORAS DE USO",79.00 ,0,1320,0,"1,320","104,280.00",,
2-09-2696-01,"GUANTES DE NITRILO PARA EXAMEN SIN POLVO, NO ESTêRIL. SE SOLICITA TAMA•O CHICO",0.02 ,142000,33000,17000,"192,000","4,550.40",,
2-09-2700-01,"SET DE ROPA
",12.34 ,15170,0,104,"15,274","188,481.16",,
2-09-2865-01,"CINTURON SEGURIDAD PARA MARCHA DE ADULTO                    (SE SOLICITA TAMA•O PEQUE•A DE 34""-30"")",82.72 ,0,0,0,0,0.00,,
2-09-2866-01,"CINTURON SEGURIDAD PARA MARCHA ADULTO.  (SE SOLICITA MEDIANO 30""-44"")",110.00 ,252,0,0,252,"27,720.00",,
2-09-2867-01,"CINTURON SEGURIDAD PARA MARCHA DE ADULTO.         (SE SOLICITA GRANDE 44""-60"")",82.72 ,256,152,0,408,"33,751.14",,
2-09-2929-01,BOLSA PARA OBTENCI‡N DE MUESTRAS EN CIRUG÷A LAPAROSC‡PICA (Se solicita de 6.4cm x 15cm),150.00 ,0,0,0,0,0.00,,
2-09-2963-01,TIJERA PARA CORTE Y LIGADURA DE CORD‡N UMBILICAL CON BISTUR÷. ,183.75 ,0,0,0,0,0.00,,
2-09-2983-01,SET DE ROPA DESECHABLE PARA CIRUGIA OFTALMOLOGICA,39.99 ,6000,0,400,"6,400","255,936.00",,
2-09-3135-01,"CUCHILLETE     (SE SOLICITA  2,2mm)",11.94 ,4416,120,720,"5,256","62,756.64",,
2-09-3211-01,SISTEMA DE DRENAJE TORACICO DE TRES CAMARAS. SE SOLICITA DRENAJE CERRADO DE 1 TUBO,37.13 ,0,0,0,0,0.00,,
2-09-3304-01,"RESPIRADORES CONTRA PARTICULAS DE ALTA FILTRACION N95 CON O SIN VALVULA DE EXALACION.                                                                                                   (SOLICITAMOS TAMA•O MEDIANO ,SIN VALVULA DE EXALACION)",0.97 ,0,0,0,0,0.00,,
2-09-3328-01,BANDEJA DE ANESTESIA EPIDURAL CONTINUA DESECHABLE CON MEDICAMENTO. SE SOLICITA AGUJA TUOHY/HUBER DE 17G X 88 a 90mm SIN ALAS,30.00 ,0,0,200,200,"6,000.00",,
2-09-3388-01,"EMPAQUES O COMPRESA CALIENTE (SE SOLICITA CONTORNO PARA CUELLO 61X15 CM 24"" X 6"")",36.64 ,0,40,0,40,"1,465.64",,
2-09-3554-01,"BOLSA MIXTA TERMOSELLABLE PARA ESTERILIZAR, 6"" X 12"" (150 X 300MM)",0.11 ,73200,38800,0,"112,000","12,320.00",,
2-09-3754-01,"JUEGO COMPLETO PARA CATETERIZACI‡N VESICAL CON SONDA FOLEY SE SOLICITA 16Fr DE SILICONA, CAPACIDAD DE BOLSA DE 2000cc, Soluci¢n para limpieza de Clorexidina acuosa al 1% CON Jeringuilla prellenada con agua bidestilada de  10cc CON UN PAR DE GUANTES DE NITRILO O VINILO",15.91 ,5880,240,130,"6,250","99,437.50",,
2-09-3756-01,"JUEGO COMPLETO PARA CATETERIZACI‡N VESICAL CON SONDA FOLEY SE SOLICITA 18Fr DE SILICONA, CAPACIDAD DE BOLSA DE 2000cc, Soluci¢n para limpieza de Clorexidina acuosa al 1% CON Jeringuilla prellenada con agua bidestilada de  10cc CON UN PAR DE GUANTES DE NITRILO O VINILO",13.00 ,22960,840,190,"23,990","311,870.00",,
2-09-3775-01,"GUANTES QUIRÈRGICOS LIBRES DE LATEX Y POLVO, ESTêRIL  SE SOLICITA TAMA•O 6",1.64 ,0,0,0,0,0.00,,
2-09-3932-01,APOSITO DE ESPUMA 3D CON PLATA IONICA SE SOLICITA APOSITO NO ADHESIVO TAMA•O 10X 10CM ,21.00 ,1105,1160,0,"2,265","47,565.00",,
2-09-4164-01,"JUEGO COMPLETO PARA SUCCI‡N DE V÷AS RESPIRATORIAD, PEDIATRICO Y ADULTO. SE SOLICITA TAMA•O 6FR",1.37 ,10400,0,0,"10,400","14,248.00",,
2-09-4195-01,DETERGENTE LIQUIDO CON ENZIMAS (SE SOLICITA DE 4 ENZIMA),35.63 ,72,64,208,344,"12,256.72",,
2-09-4196-01,TORRE DE HISTEROSCOPIA DE FLUJO CONTINUO PARA GINECOLOGIA:   SE SOLICITA ACCESORIO  JUEGOS DE TUBOS DE SILICON REUSABLE,55.36 ,0,0,0,0,0.00,,
2-09-4222-01,"MULTICAPA DE TRIPLEACCION A BASE DE OCTENIDINA Y ACIDO HIALURONICO TAMA•O: 10CM X 10CM (3.9"" X 3.9"")",50.00 ,11420,0,0,"11,420","571,000.00",,
2-09-4234-01,CATETER DE ARTERIA RADIAL PARA MONITORIZACION DE PRESION Y TOMA DE MUESTRAS SE SOLICITA CON ALETAS DE 3Fr Y 5cms DE LONGITUD DE POLIURETANO CON PUNTA RECTA,76.00 ,0,0,0,0,0.00,,
2-09-4341-01,TIJERA PARA BISTURI ARMONICO CON CONTROL MANUAL Y ALTA FRECUENCIA.  (SE SOLICITA VASTAGO DE 9CM),"1,090.00 ",200,0,0,200,"218,000.00",,
2-09-4433-01,"GUANTES QUIRÈRGICOS DE LµTEX, ESTêRIL (Se solicita tama§o 6)                                                                                                                                                                                                                                                     ",0.28 ,93600,29000,0,"122,600","33,715.00",,
2-09-4545-01,BOLSA INFUSORA A PRESION .SE SOLICITA BOLSA DE 1000cc DE CAPACIDAD,51.38 ,0,340,0,340,"17,469.20",,
2-09-4584-01,MATRIZ EXTRACELULAR TEJIDO FIBROSO (Se solicita de 5 x 5cm) ,70.07 ,0,0,0,0,0.00,,
2-09-4592-01,SET DE ROPA PARA CITOSCOP÷A,25.98 ,34776,160,180,"35,116","912,313.68",,
2-09-4628-01,FERULAS SINTETICAS EN ROLLO SE SOLICITA DE 7.5CM X 4.6M,112.06 ,0,0,0,0,0.00,,
2-09-4629-01,FERULA SINTETICAS EN ROLLO SE SOLICITA DE 12.5CM X 4.6M,163.88 ,520,0,48,568,"93,083.84",,
2-09-4642-01,FERULAS SINTETICAS EN ROLLO SE SOLICITA DE 5CM X 4.6M,92.04 ,0,152,0,152,"13,990.08",,
2-09-4643-01,"FERULAS SINTETICAS EN ROLLO SE SOLICITA DE 10CM X 4,6M",138.50 ,0,0,0,0,0.00,,
2-09-4713-01,JUEGO DE ROPA DESECHABLE PARA CAMA DE PACIENTE,3.39 ,76760,0,760,"77,520","262,792.80",,
2-09-4715-01,"APOSITO ELECTROESTATICO LAMINADO DE CARBON ACTIVADO DE BAJA ADHERENCIA SE SOLICITA TAMA•O: 10.5 CM X 10.5 CM (4 1/5"""" X 4 1/5"""")",47.00 ,11000,0,0,"11,000","517,000.00",,
2-09-4725-01,"VENDA DE YESO DE POLIESTER SE SOLICITA 5""X4 YARDAS. ",6.23 ,57252,1200,0,"58,452","364,155.96",,
2-09-4726-01,BANDEJA PARA INSERCION DE SONDA VESICAL ,1.90 ,0,0,0,0,0.00,,
2-09-4790-01,BOLSA INFUSORA A PRESION. SE SOLICITA BOLSA DE 500cc DE CAPACIDAD,21.60 ,0,0,0,0,0.00,,
2-09-4843-01,"BANDEJA PARA CATETERIZACION VENOSO CENTRAL DOBLE LUMEN NEONATAL.  SE SOLICITA 4FR X 5CM, DE POLIURETANO",64.50 ,720,0,0,720,"46,440.00",,
2-09-4844-01,"BANDEJA PARA CATETERIZACION VENOSO CENTRAL DOBLE LUMEN NEONATAL.  SE SOLICITA 4FR X 8CM, DE POLIURETANO",64.50 ,0,0,0,0,0.00,,
2-09-4847-01,BANDEJA PARA CATETERIZACION VENOSO CENTRAL TRIPLE LUMEN PEDIATRICA. SE SOLICITA MATERIAL DE CATETER CON POLIURETANO DIAMETRO 5 FR X 8CM DE LONGITUD.,73.50 ,0,0,0,0,0.00,,
2-09-4848-01,BANDEJA PARA CATETERIZACION VENOSO CENTRAL TRIPLE LUMEN PEDIATRICA.   SE SOLICITA MATERIAL DE CATETER CON POLIURETANO DIAMETRO 5FR X 12CM DE LONGITUD,162.00 ,0,0,0,0,0.00,,
2-09-4853-01,"SUTURA: POLIPROPILENO MONOFILAMENTO, CALIBRE 5-0.(SE SOLICITA LONGITUD DE 75 CM) ",3.97 ,0,48,0,48,190.56,,
2-09-4854-01,PERILLA (BULBO) DE SUCCION - IRRIGACION DE 2 ONZAS ESTERIL,0.66 ,5600,298,0,"5,898","3,863.19",,
2-09-4855-01,GUANTES QUIRURGICO DE LATEX ESTERIL                                                               (SE SOLICITA TAMA•O 8 1/2),0.28 ,106200,27800,0,"134,000","36,850.00",,
2-09-4859-01,BANDAS ELµSTICAS PARA FORTALECIMIENTO SE SOLICITA ULTRA SUAVE,103.91 ,279,52,56,387,"40,214.74",,
2-09-4860-01,BANDAS ELµSTICAS PARA FORTALECIMIENTO   (SE SOLICITA MEDIANA),102.39 ,0,0,0,0,0.00,,
2-09-4861-01,BANDAS ELµSTICAS PARA FORTALECIMIENTO                     (SE SOLICITA FUERTE) ,100.00 ,344,40,76,460,"46,000.00",,
2-09-4862-01,BANDAS ELµSTICAS PARA FORTALECIMIENTO                       (SE SOLICITA -EXTRA FUERTE),126.55 ,24,48,56,128,"16,198.39",,
2-09-4864-01,BANDAS ELµSTICAS PARA FORTALECIMIENTO                     (SE SOLICITA -SUPER FUERTE),100.00 ,0,0,28,28,"2,800.00",,
2-09-4868-01,"APOSITO ELECTROESTATICO LAMINADO DE CARBON ACTIVADO DE BAJA ADHERENCIA SE SOLICITA TAMA•O: 15 CM X 25 CM (6"""" X 10"""")",47.00 ,1900,0,0,"1,900","89,300.00",,
2-09-4899-01,"APOSITO ELECTROESTATICO LAMINADO DE CARBON ACTIVADO DE BAJA ADHERENCIA SE SOLICITA TAMA•O: 20 CM X 10 CM (8"" X 4"")",36.75 ,4120,0,0,"4,120","151,410.00",,
2-09-4935-01,BANDAS ELµSTICAS PARA FORTALECIMIENTO.                    (SE SOLICITA SUAVE),103.91 ,0,36,0,36,"3,740.91",,
2-09-4965-01,"APOSITO ELECTROESTµTICO DE TRIPLE ACCI‡N SE SOLICITA TAMA•O: 10 CM X 10 CM (4"" X 4"")",24.00 ,0,0,0,0,0.00,,
2-09-5180-01,"AP‡SITO HIDROCOLOIDE (Est†ndar, Regular o Extra Absorbente).  SE SOLICITA  CUADRADO 10CM X 10CM",2.98 ,1960,290,400,"2,650","7,883.75",,
2-09-5191-01,RECIPIENTE DESECHABLE PARA SISTEMA DE DRENAJE TORµCICO DIGITAL (Se solicita de 300cc polipropileno) ,16.75 ,880,0,0,880,"14,740.00",,
2-09-5216-01,"AGUJAS PARA LOCALIZACION Y BLOQUEO DE NERVIO PERIFERICO.  SE SOLICITA TAMA•O 22Ga X 3 1/4"" ",11.80 ,0,0,0,0,0.00,,
2-09-5408-01,HIALURONATO S‡DICO,25.89 ,0,0,0,0,0.00,,
2-09-5410-01,"FORRO PROTECTOR DE COLCHON SE SOLICITA TAMA•O 38"" X 80""",44.88 ,490,450,630,"1,570","70,461.60",,
2-09-5422-01,"SUTURA: ACIDO POLIGLIC‡LICO TRENZADO, CALIBRE 3-0, LONGITUD 67 A 75 CM.  AGUJA DE 15 A 17 MM., 1/2 CIRCULO, PUNTA REDONDA. SE SOLICITA LONGITUD DE 75CM Y AGUJA DE 15MM",1.34 ,2496,0,0,"2,496","3,332.16",,
2-09-5460-01,MASCARILLA RECTANGULAR DE 3 PLIEGUES CON SUJECION EN LA OREJA. ,0.31 ,389000,0,24800,"413,800","128,278.00",,
2-09-5463-01,"BATA DESECHABLE, PARA USO GENERAL NO ESTERIL .AAMI     NIVEL 3.  SE SOLICITA TAMA•O REGULAR O UNIVERSAL (MEDIANO -GRANDE)",0.58 ,0,0,0,0,0.00,,
2-09-5464-01,"BATA DESECHABLE, PARA USO GENERAL NO ESTERIL .AAMI NIVEL 3.       (SE SOLICITA TAMA•O GRANDE)",0.60 ,0,0,0,0,0.00,,
2-09-5591-01,VENDAJE NEUROMUSCULAR. SE SOLICITA DE 5CM X 5MT,12.50 ,0,0,0,0,0.00,,
2-09-5592-01,"MU•EQUERA CON BARRA DE 6? U 8? DERECHA O IZQUIERA, CON CIERRE DE VELCRO. SE SOLICITA  TAMA•O CHICO",40.69 ,0,0,0,0,0.00,,
2-09-5594-01,"INMOVILIZADOR DE RODILLA UNIVERSAL. SE SOLICITA TAMA•O  16"" DE LONGITUD",44.78 ,0,0,0,0,0.00,,
2-09-5596-01,INMOVILIZADOR ELµSTICO DE HOMBRO (SE SOLICITA TAMA•O SMALL)    ,44.65 ,0,0,0,0,0.00,,
2-09-5597-01,"CALCETA TUBULAR.    SE SOLICITA  MEDIA TEJIDA DE ALGOD‡N 2"" X 25 YARDAS DE LONGITUD",12.11 ,704,0,0,704,"8,521.92",,
2-09-5598-01,"MU•EQUERA CON BARRA DE 6? U 8? DERECHA O IZQUIERA, CON CIERRE DE VELCRO  (SE SOLICITA  TAMA•O MEDIANO)",40.00 ,0,0,0,0,0.00,,
2-09-5599-01,"MU•EQUERA CON BARRA DE 6? U 8? DERECHA O IZQUIERA, CON CIERRE DE VELCRO, SE SOLICITA  TAMA•O GRANDE ",40.69 ,147,0,0,147,"5,981.43",,
2-09-5602-01,"INMOVILIZADOR DE RODILLA UNIVERSAL                                                SE SOLICITATAMA•O 20"" DE LONGITUD",44.54 ,456,0,0,456,"20,310.24",,
2-09-5603-01,"INMOVILIZADOR DE RODILLA UNIVERSAL   SE SOLICITA  Tama§os : 24"". de longitud",40.52 ,220,0,0,220,"8,914.40",,
2-09-5604-01,INMOVILIZADOR ELµSTICO DE HOMBRO SE SOLICITA TAMA•O MEDIANO,14.54 ,396,0,0,396,"5,757.84",,
2-09-5644-01,SUTURA POLIGLACTINA 910 RECUBIERTO DE POLIGLACTINA 370 Y TRICLOSAN (SUTURA ACTIVA).CALIBRE 1 .   (SE SOLICITA AGUJA 36.4MM Y LONGITUD DE 90CM)                                                                                                                                                                                                                 ,5.36 ,4464,324,9504,"14,292","76,605.12",,
2-09-5645-01,"SUTURA MONOFILAMENTO POLIDIOXANONA  CALIBRE 1                                                                                                                                                                                                                                                                                                                                                                                                                                                         DESCRIPCION: Recubierta de triclosan color violeta, longitud entre 70cm y 90cm, con aguja de 36.4mm, 40mm ¢ 48mm de 1/2 circulo, punta ahusada. (SE SOLICITA CALIBRE 1 CON AGUJA 40MM Y LONGITUD DE 90 CM)",18.37 ,1920,0,0,"1,920","35,270.40",,
2-09-5652-01,BANDEJA PARA CATETERIZACION VENOSO CENTRAL TRIPLE LUMEN PEDIATRICA.    SE SOLICITA MATERIAL DE CATETER CON POLIURETANO DIAMETRO 5FR X 15CM DE LONGITUD.,165.00 ,0,0,0,0,0.00,,
2-09-5660-01,"RECIPIENTE DESECHABLE PARA SISTEMA DE DRENAJE TORµCICO DIGITAL (Se solicita recipiente de 2000, polipropileno) ",135.00 ,8,0,0,8,"1,080.00",,
2-09-5661-01,TUBO PARA SISTEMA DE DRENAJE TORµXICO DIGITAL CONEXI‡N SIMPLE SE SOLICITA 1.5 M,27.00 ,944,720,0,"1,664","44,928.00",,
2-09-5668-01,AGUJA PARA LA LOCALIZACION DE LESIONES MAMARIAS . SOLICITA CALIBRE 20 G A Y 10 cm                                                                                                       ,10.95 ,0,0,0,0,0.00,,
2-09-5850-01,AP‡SITO CON MATRIZ DE COLAGENO CON PLATA,50.00 ,0,0,0,0,0.00,,
2-09-5903-01,TIJERA PARA BISTURI ARMONICO CON CONTROL MANUAL Y ALTA FRECUENCIA.  SE SOLICITA VASTAGO DE 45CM,897.50 ,0,0,0,0,0.00,,
2-09-6036-01,"RESPIRADORES CONTRA PARTICULAS DE ALTA FILTRACION N95 CON O SIN VALVULA DE EXALACION. SE SOLICITA TAMA•O GRANDE, CON VALVULA DE EXALACI‡N ",5.70 ,0,0,0,0,0.00,,
2-09-6110-01,"EMPAQUES O COMPRESA CALIENTE. (SE SOLICITA TAMA•O ESTµNDAR DE 25CM X 30CM 10""X12"")",24.49 ,140,6,0,146,"3,575.54",,
2-09-6663-01,ROPA DESECHABLE DE NEUROCIRUG÷A,54.95 ,0,576,0,576,"31,651.20",,
2-09-7262-01,"FIJACION CUTANEO CON ADHESIVO DE SILICONA Y DOBLE PROTECCION ANTIMICROBIANA DE CLORHEXIDINA Y PLATA CON VENTANA SE SOLICITA TAMA•O: 6cm x 7cm
",18.50 ,9000,0,0,"9,000","166,500.00",,
2-09-7263-01,"FIJACION CUTANEO CON ADHESIVO DE SILICONA Y DOBLE PROTECCION ANTIMICROBIANA DE CLORHEXIDINA Y PLATA CON VENTANA SE SOLICITA TAMA•O: 10cm x 12cm
",29.50 ,14600,0,375,"14,975","441,762.50",,
2-09-7312-01,"GEL VISCOSO DE ACIDO HIALURONICO Y YODO, SE SOLICITA 22G CON ESPIGA DISPENSADORA",60.00 ,900,0,270,"1,170","70,200.00",,
2-09-7702-01,GORRO PARA VARON.,0.05 ,845600,46000,101200,"992,800","44,676.00",,
2-09-7703-01,GORRO PARA MUJERES.,0.03 ,208000,168000,123400,"499,400","12,485.00",,
2-09-8172-01,ROPA DESECHABLE PARA LAPARATOMIA,13.09 ,0,0,0,0,0.00,,
2-09-8192-01,MANGA DE COMPRESION NEUMATICA SECUENCIAL Y/O INTERMITENTE PARA  PANTORRILLA PARA LA PROFILAXIS DE LA TROMBOSIS VENOSA PROFUNDA. SE SOLICITA TAMA•O GRANDE.,33.10 ,800,520,240,"1,560","51,636.00",,
2-09-8193-01,MANGA DE COMPRESION NEUMATICA SECUENCIAL Y/O INTERMITENTE PARA  PANTORRILLA PARA LA PROFILAXIS DE LA TROMBOSIS VENOSA PROFUNDA. SE SOLICITA TAMA•O  MEDIANO,33.25 ,7000,1360,240,"8,600","285,950.00",,
2-09-8210-01,SISTEMA INTEGRADO DE CIERRE DE PUERTOS (DUAL) PARA PROCEDIMIENTOS LAPAROSC‡PICOS,201.34 ,0,0,0,0,0.00,,
2-09-8330-01,JERINGUILLA DE 1cc (?-100) PARA INSULINA DE RETRACCION. SE SOLICITA 30G X 8MM,0.37 ,0,0,0,0,0.00,,
2-09-8331-01,JERINGUILLA DE 0.5cc (›ﬁ-100) PARA INSULINA DE RETRACCION     (SE SOLICITA 30G X 8MM),0.33 ,0,0,0,0,0.00,,
2-09-8334-01,SET DE ROPA DESECHABLE PARA DILATACION Y CURETAJE,20.42 ,11216,928,120,"12,264","250,430.88",,
2-09-8335-01,FERULAS SINTETICAS EN ROLLO SE SOLICITA DE 15CM X 4.6M,184.94 ,456,32,0,488,"90,250.72",,
2-09-8336-01,"CATETER INTRAVENOSO DE BIOSEGURIDAD   (SE SOLICITA CATETER DE POLIURETANO TAMA•O 18G X 1 1/4"")",0.87 ,4000,23600,16600,"44,200","38,454.00",,
2-09-8337-01,"CATETER INTRAVENOSO DE BIOSEGURIDAD.  SE SOLICITA CATETER DE POLIURETANO TAMA•O 20G X 1""  A 1 3/4""",1.17 ,0,0,0,0,0.00,,
2-09-8338-01,"CATETER INTRAVENOSO DE BIOSEGURIDAD SE SOLICITA CATETER DE POLIURETANO TAMA•O 22G X 1 """,1.07 ,0,0,0,0,0.00,,
2-09-8339-01,CATETER INTRAVENOSO DE BIOSEGURIDAD 1. CatÇter con sistema de seguridad de retracci¢n autom†tica al extraer la gu°a o aguja ,0.83 ,98200,169350,27400,"294,950","244,808.50",,
2-09-8340-01,CANULA NASOFARINGEA  DE 20 FR A  26 FR.  (SE SOLOCITA TAMA•0 26FR) ,3.81 ,9840,0,0,"9,840","37,490.40",,
2-09-8342-01,"FILTRO DE C02 DESECHABLE (Se Solicita Con filtros de CO2 desechables (50 unidades) con su tuber°a seg£n fabricante, o Con filtros de CO2 desechables (100 unidades) sin tuber°a seg£n fabricante)",10.00 ,0,0,0,0,0.00,,
2-09-8345-01,SISTEMA DE DOS PIEZAS PARA COLOSTOMIA /ILEOSTOMIA PARA ADULTO ABIERTO.  (SE SOLICITO DIAMETRO EXTERNO DE 50MM),4.55 ,5850,0,0,"5,850","26,617.50",,
2-09-8346-01,SISTEMA DE DOS PIEZAS PARA COLOSTOMIA/ILEOSTONIA PARA ADULTO ABIERTA SE SOLICITA DIAMETRO EXTERNO 57MM A 60MM,3.80 ,3420,0,23880,"27,300","103,740.00",,
2-09-8347-01,CANULA NASOFARINGEA  DE 32 FR A 36 FR.  (SE SOLOCITA TAMA•0 36FR)        ,3.69 ,7800,0,0,"7,800","28,782.00",,
2-09-8348-01,ENVASE PARA DESECHOS PUNZOCORTANTE SE SOLICITA TAMA•O 7.6 LITROS,5.50 ,2789,432,0,"3,221","17,715.50",,
2-09-8349-01,ENVASE PARA DESECHOS PUNZOCORTANTE SE SOLICITA TAMA•O 22.7 LITROS,8.58 ,0,0,0,0,0.00,,
2-09-8350-01,ENVASE PARA DESECHOS PUNZOCORTANTE SE SOLICITA TAMA•O 1.4 LITROS,5.58 ,0,0,0,0,0.00,,
2-09-8475-01,GUANTES DE NITRILO CON PU•O EXTENDIDO. SE (SOLICITA TAMA•O EXTRA GRANDE),1.65 ,0,0,0,0,0.00,,
2-09-8512-01,COBERTOR CµMARA DE VIDEO (Se solicita tama§o  17CM X 242CM),2.77 ,2152,120,180,"2,452","6,792.04",,
2-09-8545-01,LAMINA PROTECTORA DE SUPERFICIES AISLANTE DE FLUIDOS CONTAMINANTES.                           ,18.50 ,0,15200,250,"15,450","285,825.00",,
2-09-8656-01,APOSITO CON MATRIZ DE COLAGENO (Se solicita 2 pulgadas x 2 pulgadas (5cm x 5cm),15.50 ,0,0,0,0,0.00,,
2-09-8657-01,APOSITO CON MATRIZ DE COLAGENO (Se solicita 4 pulgadas x 4 pulgadas (10cm x 10cm),51.66 ,0,0,0,0,0.00,,
2-09-8658-01,APOSITO CON MATRIZ DE COLAGENO (Se solicita 7 pulgadas x 7 pulgadas (18cm x 18cm),160.00 ,0,0,0,0,0.00,,
2-09-8683-01,TERMOMETRO TIMPANICO DIGITAL   ( SE SOLICITA FUNDA O CUBERTOR DESECHABLE) ,0.05 ,18730000,295000,181400,"19,206,400","960,320.00",,
2-09-8707-01,"SOLUCI‡N DE GLUCONATO DE CLORHEXIDINA AL 2% Y ALCOHOL AL 70%, PARA LA ASEPSIA PRE QUIRÈRGICA DE LA PIEL Y PARA ACCESOS VASCULARES    SE SOLICITA TUBO APLICADOR CON ESPONJA DE 35ML  ENTINTADO",9.00 ,0,0,0,0,0.00,,
2-09-8708-01,CATETER DE SUCCION NASO-FARINGEA CALIBRE 14FR LONGITUD 60CM ,0.25 ,0,0,0,0,0.00,,
2-09-8709-01,CATETER DE SUCCION NASO-FARINGEA CALIBRE 16FR LONGITUD 60CM ,0.25 ,0,0,0,0,0.00,,
2-09-8710-01,CATETER DE SUCCION NASO-FARINGEA CALIBRE 18FR LONGITUD 60CM ,0.25 ,600,400,0,"1,000",250.00,,
2-09-8712-01,TIJERA LAPAROSC‡PICA PARA BISTURI ARMINICO CON CONTROL MANUAL Y ALTA FRECUENCIA. SE SOLICITA VASTAGO DE 17 CM ,"1,090.00 ",0,0,0,0,0.00,,
2-09-8713-01,"SISTEMA DE CATERIZACION VENOSA CENTRAL DE DOBLE O TRIPLE LUMEN CON 2 ANTIBIOTICOS (MINOCICLINA Y RIFAMPICINA), NEONATAL O PEDIµTRICO  (SE SOLICITA DOBLE LUMEN 4FR X 5M, DE POLIURETANO)",205.00 ,0,0,0,0,0.00,,
2-09-8714-01,"SISTEMA DE CATERIZACION VENOSA CENTRAL DE DOBLE O TRIPLE LUMEN CON 2 ANTIBIOTICOS (MINOCICLINA Y RIFAMPICINA), NEONATAL O PEDIµTRICO.  SE SOLICITA 5FR X 8CM, DE DOS LUMENS DE POLIURETANO",205.00 ,0,0,0,0,0.00,,
2-09-8715-01,"SISTEMA DE CATERIZACION VENOSA CENTRAL DE DOBLE O TRIPLE LUMEN CON 2 ANTIBIOTICOS (MINOCICLINA Y RIFAMPICINA), NEONATAL O PEDIµTRICO,  SE SOLICITA 5FR X 12CM, DE POLIURETANO DE DOS LUMEN.",205.00 ,0,0,0,0,0.00,,
2-09-8716-01,"SISTEMA DE CATERIZACION VENOSA CENTRAL DE DOBLE O TRIPLE LUMEN CON 2 ANTIBIOTICOS (MINOCICLINA Y RIFAMPICINA), NEONATAL O PEDIµTRICO.   SE SOLICITA DE TRES LUMENES 5FR X 12CM, DE POLIURETANO",205.00 ,0,0,0,0,0.00,,
2-09-8717-01,"SISTEMA DE CATERIZACION VENOSA CENTRAL DE DOBLE O TRIPLE LUMEN CON 2 ANTIBIOTICOS (MINOCICLINA Y RIFAMPICINA), NEONATAL O PEDIµTRICO                                                                                                                                  (SE SOLICITA 5FR X 15M, TRIPLE LUMEN DE POLIURETANO)",205.00 ,0,0,0,0,0.00,,
2-09-8718-01,"SISTEMA DE CATERIZACION VENOSA CENTRAL DE DOBLE O TRIPLE LUMEN CON 2 ANTIBIOTICOS (MINOCICLINA Y RIFAMPICINA), NEONATAL
O PEDIµTRICO.   SE SOLICITA 5FR X 8CM, DE TRES LUMENS DE POLIURETANO",205.00 ,0,0,0,0,0.00,,
2-09-8719-01,SISTEMA DE CATERIZACION VENOSA CENTRAL DE DOBLE   LUMEN CON 2 ANTIBIOTICOS 4FR X 8CM,205.00 ,0,0,0,0,0.00,,
2-09-8720-01,"TUBO DE EXTENSI‡N DE VENOCLISIS. SE SOLICITA DE 25"" DE LONGITUD",0.60 ,4800,0,1700,"6,500","3,900.00",,
2-09-8844-01,"SISTEMA CERRADO (ESPIGA) UNIDIRECCIONAL PARA EXTRACCI‡N DE SOLUCION EN BOTELLA O BOLSA, CON O SIN FILTRO DE AIRE Y CONECTOR LIBRE DE AGUJA. SE SOLICITA CON FILTRO",2.41 ,4400,0,0,"4,400","10,604.00",,
2-09-9108-01,ESTIMULADOR NERVIO VAGO (PROTESIS) ,"25,783.33 ",0,0,0,0,0.00,,
2-09-9683-01,MICROESFERAS DE POLIESTIRENO CARGADAS NEGATIVAMENTE,27.28 ,0,0,0,0,0.00,,
2-09-9753-01,CEPILLO PLANO PARA LIMPIEZA DE 75MM X 20MM X 15MM (RIGIDO) ,25.00 ,26342,2200,600,"29,142","728,550.00",,
2-09-9755-01,CEPILLO PARA LIMPIAR 75mm x 20mm x 15mm (FLEXIBLE),25.00 ,24429,2545,600,"27,574","689,350.00",,
2-09-9757-01,ESPONJA TEREFTALATO DE POLIETILENO      (SE SOLICITA ESPONJA),0.90 ,0,0,0,0,0.00,,
2-09-9910-01,"PELICULA DE SILICONA, CON PROTECCI‡N DE CLORHEXIDINA Y PLATA SE SOLICITA TAMA•O: 10 cm X 12 cm.",35.95 ,8700,0,125,"8,825","317,258.75",,
2-09-9911-01,"PELICULA DE SILICONA, CON PROTECCI‡N DE CLORHEXIDINA Y PLATA SE SOLICITA TAMA•O: 6 cm X 20 cm.",29.50 ,0,0,0,0,0.00,,
2-09-9912-01,"APOSITO PROTECTOR, SE SOLICITA TAMA•O 15CM X 15CM",23.38 ,0,1650,0,"1,650","38,568.75",,
2-09-9913-01,"APOSITO PROTECTOR, SE SOLICITA TAMA•O 20CM X 20CM",37.08 ,0,0,0,0,0.00,,
2-09-9914-01,"APOSITO ESPUMA , SE SOLICITA Tama§os con borde, 12.5X 12.5 CM",33.00 ,0,0,0,0,0.00,,
2-09-9915-01,"APOSITO ESPUMA, se solicita Tama§os sin borde 10CM X 20CM",27.00 ,0,0,0,0,0.00,,
2-09-9918-01,"APOSITO ESPUMA , se solicita Tama§os con borde 20CMX 26CM PARA TALON.",58.60 ,0,0,0,0,0.00,,
2-09-9926-01,ESTABILIZADOR DE CATETER SUPRA PUBICO O URETERAL,22.00 ,0,0,0,0,0.00,,
,Total general,,"74,417,759","3,582,291","3,144,650","81,144,700","63,580,218.26",,
,,,,,,,,,
,,,,,,,,,
