2-09-0035-02;CONECTOR PARA BOMBA DE INFUSION CON FILTRO DE AIRE;4.5;36600;3800;3600;44,000;198,000.00
2-09-0037-00;AGUJA PARA NEUMOPERITONEO  (TIPO VERESS) PARA LAPARASCOPIA (Se solicita 120mm);10.17;0;0;0;0;0
2-09-0075-02;DETERGENTE ANIONICO EN POLVO PRESENTACION: PAQ. DE 4 LIBRAS;35.5;11613;18;126;11,757;417,355.39
2-09-0081-00;AGUJA HIPODÉRMICA,  (SE SOLICITA CALIBRE 18G X 1  1/2 PULGADAS, 38MM DE LONGITUD);0.01;0;0;0;0;0
2-09-0084-00;AGUJA HIPODÉRMICA,   (SE SOLICITA CALIBRE 21G, 1 PULGADAS, 25MM DE LONGITUD.) ;0.02;719200;41800;63100;824,100;12,361.50
2-09-0085-00;AGUJA HIPODÉRMICA,  SE SOLICITA CALIBRE 21G X 1 1/2 PULGADAS, 38MM DE LONGITUD;0.01;0;0;0;0;0
2-09-0086-00;AGUJA HIPODÉRMICA, (SE SOLICITA CALIBRE 22G X 1 PULGADAS). ;0.02;330000;28500;20700;379,200;7,584.00
2-09-0087-00;AGUJA HIPODÉRMICA    (SE SOLICITA CALIBRE 22G X 1 1/2 PULGADAS, 38MM DE LONGITUD);0.03;9838400;70800;85900;9,995,100;249,877.50
2-09-0088-00;AGUJA HIPODÉRMICA, (SE SOLICITA CALIBRE 23G X 1 PULGADAS 25MM DE LONGITUD);0.01;0;0;0;0;0
2-09-0089-00;AGUJA HIPODÉRMICA,   SE SOLICITA CALIBRE 24G X 1 PULGADAS 25MM DE LONGITUD;0.01;530000;173800;8000;711,800;8,826.32
2-09-0090-00;"AGUJA HIPODÉRMICA DESECHABLE (Se solicita calibre 25G de 1"" de longitud) ";0.02;844200;36800;20000;901,000;18,020.00
2-09-0090-02;AGUJA HIPODÉRMICA    (SE SOLICITA CALIBRE 25G X 1 1/2 PULGADAS, 38MM DE LONGITUD);0.02;4637800;63000;28000;4,728,800;94,576.00
2-09-0093-01;"PAPEL SATINADO PARA CAMILLA Y MESA DE EXAMEN. (TAMAÑO: DE entre 17"" y  18"" de ancho X 225 y 300 pie de largo)";3.42;0;0;0;0;0
2-09-0112-22;BANDEJA PARA CATETERIZACION VENOSA CENTRAL TRIPLE LUMEN.  SE SOLICITA CATETER DE POLIURETANO;60.5;0;0;0;0;0
2-09-0112-26;BANDEJA PARA CATETERIZACION VENOSO CENTRAL TRIPLE LUMEN CON 2 ANTIBIOTICOS (MINOCICLINA Y RIFAMPICINA).                                                                      (SE SOLICITA CATETER DE POLIURETANO ADULTO);262.5;0;0;0;0;0
2-09-0133-00;RECIPIENTE DESECHABLE PARA SISTEMA DE DRENAJE TORÁCICO DIGITAL (Se solicita de 800cc de capacidad);22.72;5192;0;24;5,216;118,521.92
2-09-0134-00;TUBO PARA SISTEMA DE DRENAJE TORÁCICO DIGITAL CONEXIÓN DOBLE (Se solicita longitud de 1.5 mts). DEBE SER COMPATIBLE CON EL EQUIPO EXISTENTE EN LA INSTITUCIÓN.;23.61;0;0;0;0;0
2-09-0168-01;ESPONJA HEMOSTATICA DE GELATINA ABSORBIBLE.   SE SOLICITA TAMAÑO 7x5x1CM ( 70MMX50MMX10MM );3.09;0;0;0;0;0
2-09-0174-02;JALEA LUBRICANTE ESTÉRIL  (SE SOLICITA TUBO DE 113 GM);3.15;0;0;0;0;0
2-09-0184-01;TRAJE DE PROTECCION PERSONAL (TIPO OVEROL) TAMAÑO L;10.76;902180;4080;0;906,260;9,751,357.60
2-09-0185-01;TRAJE DE PROTECCION PERSONAL (TIPO OVEROL)TAMAÑO XL;10.76;1082800;0;2700;1,085,500;11,679,980.00
2-09-0188-00;APLICADOR DE GRAPAS AUTOMÁTICO PARA LAPAROSCOPIA (Se solicita con grapa de 10mm, 20 grapas, mediano / grande);70;3940;40;0;3,980;278,600.00
2-09-0188-01;APLICADOR DE GRAPAS AUTOMÁTICO PARA LAPAROSCOPIA  (SE SOLICITA TAMAÑO DE 5MM, 20 GRAPAS, MEDIANO / GRANDE);137.5;0;0;0;0;0
2-09-0190-06;"VENDA DE GASA PRESATURADAS DE CLORURO DE SODIO AL 20%   (TAMAÑO 6"" (15 CM ) X 6 3/4"" (17 CM ).";5.12;0;0;0;0;0
2-09-0192-00;"APLICADOR DE MADERA CON ALGODÓN, ESTÉRIL  (SE SOLICITA DE 6"")";0.03;195000;50100;59100;304,200;9,126.00
2-09-0195-01;APÓSITO HIDROCOLOIDE (FINO O EXTRA DELGADO)          (SE SOLICITA CUADRADO 15CM X 15CM).;2.71;0;0;0;0;0
2-09-0195-02;APÓSITO HIDROCOLOIDE (Estándar, Regular o Extra Absorbente)                (SE SOICITA CUADRADO/IMPERMEABLE 20CM X 20CM).;4.2;8675;3015;0;11,690;49,088.65
2-09-0195-03;APÓSITO HIDROCOLOIDE (FINO O EXTRA DELGADO)             (SE SOLICITA CUADRADO 10CM X 10CM);1.65;23480;4370;0;27,850;45,952.50
2-09-0195-04;APÓSITO HIDROCOLOIDE (Estándar, Regular o Extra Absorbente).  SE SOLICITA,  CUADRADO 15CM X 15CM;3.8;8120;1750;0;9,870;37,506.00
2-09-0195-07;APOSITO TRANSPARENTE ESTERIL. SE SOLICITA  CON VENTANA DE 8-10CM X 10-12.5CM;0.19;0;0;0;0;0
2-09-0195-08;APOSITO TRANSPARENTE ESTERIL. SE SOLICITA CON VENTANA TAMAÑO DE 5-6CM X 7-8CM;0.09;262400;82600;0;345,000;30,981.00
2-09-0196-00;APOSITO OCULAR ADULTO ESTERIL;0.07;0;25800;0;25,800;1,806.00
2-09-0199-00;INSTRUMENTO DE ENGRAPADO PARA CIERRE DE PIEL DESECHABLE ;7.22;0;0;0;0;0
2-09-0199-02;INSTRUMENTAL DE ENGRAPADO TORACO ABDOMINAL Y REGARGA, DESECHABLE (Se solicita carga de 60mm, 3.5mm de altura de grapa abierta y 1.5mm de altura de grapa cerrada. Y por cada dos (2) instrumentos con carga, debe entregar una recarga adicional) ;124.14;1275;0;48;1,323;164,237.22
2-09-0199-03;INSTRUMENTO DE ENGRAPADO TORACO ABDOMINAL Y RECARGA DESECHABLE (Se solicita carga de 30mm, 3.5mm de altura de grapa abierta y 1.5mm de altura de grapa cerrada. Por cada dos (2) instrumentos con carga, debe entregar una recarga adicional) ;123.7;0;0;0;0;0
2-09-0199-04;INSTRUMENTO DE ENGRAPADO Y CORTE LINEAL PARA CIRUGIA ABIERTA, DESECHABLE. SE SOLICITA CARGA DE 60MM DE LARGO, ALTURA DE GRAPA ABIERTA 3.8MM Y ALTURA DE GRAPA CERRADA DE 1.5MM POR CADA INSTRUMENTO CON CARGA DEBE ENTREGAR (3) RECARGAS ADICIONALES.;120.54;12618;0;0;12,618;1,520,973.72
2-09-0199-05;INSTRUMENTAL DE ENGRAPADO TORACO ABDOMINAL Y RECARGA DESECHABLE (Se solicita instrumento recto, carga de longitud  de 90mm, altura de grapa abierta 3.5mm y altura de grapa cerrada 1.5mm. Por cada dos (2) instrumentos con carga, debe entregar una carga adicional) ;187.85;45;0;0;45;8,453.25
2-09-0199-06;INSTRUMENTO DE ENGRAPADO MECANICO CIRCULAR,DESECHABLE.   SE SOLICITA INSTRUMENTO CURVO CON GRAPA DE 29MM CON GRAPAS DE ALTURA MINIMA DE 4.8 MM ABIERTA O INDICADOR DE ESCALA DE COMPRENSION DE 2 MM CERRADA;400;924;30;0;954;381,600.00
2-09-0199-07;ENGRAPADORA  CIRCULAR CORTANTE CON YUNQUE ARTICULABLE PARA ANASTOMOSIS DIGESTIVA (Se solicita de 31mm, con grapas de altura mínima de 4.8mm abierta);425.45;0;0;0;0;0
2-09-0199-10;INSTRUMENTO DE ENGRAPADO MECÁNICO PARA FIJAR  MALLAS EN  HERNIAS, DESECHABLE, CON 10 GRAPAS O MAS, DE TITANIUM  DE 4.8mm (Por cada instrumento con su carga, debe entregar una carga adicional) ;123.86;0;0;0;0;0
2-09-0200-00;"INSTRUMENTO DE ENGRAPADO Y CORTE LINEAL RECTA ENDOSCOPICA CON O SIN
REGARGA,DESECHABLE     (SE SOLICITA Estándar: vástago de 16cm o longitud total de 34cm, LONGITUD DE 60MM DE LARGO, ALTURA DE GRAPA ABIERTA 3.5 Y CERRADA 1.5MM)                                                                                                                                                                                                                                                                                                                                                                                         Instrumento de engrapado de corte lineal de 12mm de diámetro.
";200;500;10;0;510;102,000.00
2-09-0200-02;INSTRUMENTO DE ENGRAPADO Y CORTE LINEAL RECTA ENDOSCOPICA CON O SIN REGARGA,DESECHABLE (SE SOLICITA Estándar: vástago de 16cm o longitud total de 34cm, LONGITUD DE 60MM DE LARGO, ALTURA DE GRAPA ABIERTA 2.5 Y CERRADA 1.0MM)                                                                                                                                                                                                                                                                                                                                                                                        ;235.06;0;0;0;0;0
2-09-0206-00;INSTRUMENTO PARA LIGAR VASOS, DE TITANIUM, DESECHABLE (Se solicita tamaño chico);57.65;54;0;0;54;3,112.83
2-09-0207-00;ENGRAPADORA CURVA CORTANTE PARA TEJIDO GRUESO (CIRUGIA COLON RECTAL). Instrumento de engrapado quirúrgico curvo cortante , que permita un mejor acceso y visualizacion en la pelvis baja, dos dobles linea de grapas  y corte entre la segunda y tercera linea de grapas para cirugía colon rectal.;1,220.18;160;0;0;160;195,228.80
2-09-0209-02;RECARGA DE CLIP DE POLÍMERO NO ABSORBIBLE.  (SE SOLICITA DE 7MM X 16MM. LA EMPRESA ENTREGARÁ A LA UNIDAD LA PINZA PARA APLICAR EL MISMO);99.39;0;0;0;0;0
2-09-0212-04;"BANDEJA PRE OPERATORIA PARA LAVADO DE PIEL. SE SOLICITA CON TENAZA Y DOS APLICADORES DE 3 PULGADAS CON PUNTA DE ALGODÓN
";4.39;0;0;0;0;0
2-09-0212-05;"BANDEJA DE ANESTESIA RAQUIDEA DESEHABLE CON MEDICAMENTO SE SOLICITA (CON INTRODUCTOR, AGUJA PUNTA DE LAPIZ/SPROTE 25G LARGO 136MM CON AGUJA 22G x 1 1/2"", Epinefrina 1:1000, ampolla de 1ml y efedrina sulfato 50mg/ml, ampolla de 1ml, y CON BUPIVACAINA PESADA).";34;0;0;0;0;0
2-09-0215-04;"BOLSA MIXTA TERMOSELLABLE PARA ESTERILIZAR, 12"" X 16"" A 18""(304.8 mm  X  406.4 mm a 457.2 mm)";0.1;624600;85000;1500;711,100;71,110.00
2-09-0215-06;"BOLSA MIXTA TERMOSELLABLE PARA ESTERILIZACION 18""  X  24"" (450  X  600MM)";0.25;40600;0;600;41,200;10,300.00
2-09-0215-07;"ROLLO SIN FUELLE TERMOSELLABLE PARA ESTERILIZACIÓN, DE 3"" DE ANCHO X 660 PIES (7.5CM Ó 75MM X 200 Mts)";12.3;687;10;10;707;8,696.10
2-09-0215-08;"ROLLO SIN FUELLE TERMOSELLABLE PARA ESTERILIZACION 4"" DE ANCHO x 660' (10cm Ó 100mm x 200mts)";14.54;930;0;0;930;13,517.55
2-09-0215-10;"BOLSA MIXTA TERMOSELLABLE PARA ESTERILIZAR, 3""  X  10"" a  10  1/2"" (75  X  255 a 265MM)";0.03;176200;0;2400;178,600;5,358.00
2-09-0215-15;"BOLSA MIXTA TERMOSELLABLE PARA ESTERILIZAR 5 1/4"" A 5 1/2´´ X 10 1/2"" A 11´´ (130MM A 140MM X 260MM A 280MM) ";0.05;158000;0;0;158,000;7,900.00
2-09-0215-16;"BOLSA MIXTA TERMOSELLABLE PARA ESTERILIZAR, 8""  X  12""  (200  X  300MM)";0.07;133800;0;0;133,800;9,366.00
2-09-0216-00;"BOLSA HIDROSOLUBLE SE SOLICITA TAMAÑO 28"" X 39""";0.78;0;0;0;0;0
2-09-0217-01;BOLSA DE 1 PIEZA PARA COLOSTOMIA / ILEOSTOMIA RECORTABLE, ABIERTA, PARA ADULTO .  (SE SOLICITA CON FILTRO DE CARBON INCORPORADO Y DIAMETRO DE 10mm o 12mm hasta 55mm);2.63;999360;1740;7200;1,008,300;2,651,829.00
2-09-0217-02;BOLSA DE 1 PIEZA PARA COLOSTOMIA / ILEOSTOMIA RECORTABLE, ABIERTA, PARA ADULTO . (SE SOLICITA CON FILTRO DE CARBON INCORPORADO Y DIAMETRO DE 10mm o 12mm hasta 70mm);3.03;759960;2520;7050;769,530;2,331,675.90
2-09-0218-07;BOLSA DE 1 PIEZA PARA COLOSTOMIA / ILEOSTOMIA PEDIATRICA, ABIERTA (RECORTABLE).  (SE SOLICITA DE 10MM A  35MM);3.71;0;3000;0;3,000;11,130.00
2-09-0219-08;SISTEMA DE DOS PIEZAS PARA UROSTOMÌA DE ADULTO CON DIÀMETRO EXTERNO DE 50MM. OPACA (POR CADA DOS BOLSAS SE DEBERA ENTREGAR UN ARO);6.63;22300;0;400;22,700;150,501.00
2-09-0221-00;"BOLSA COLECTORA DE ORINA PARA ADULTO.
";1.4;0;12430;0;12,430;17,402.00
2-09-0223-00;BOLSA COLECTORA DE ORINA DE 30 A 35 ONZA DE CAPACIDAD     (900CC A 1050CC) DE PIERNA . ;0.55;142844;288;150;143,282;78,805.10
2-09-0223-05;BOLSA BIODEGRADABLE COLECTORA DE VOMITO.;1.5;6624;0;0;6,624;9,936.00
2-09-0248-00;CUBIERTA DE ZAPATO (Se solicita sin cinta);0.06;0;0;0;0;0
2-09-0259-01;BRAZALETE DE IDENTIFICACIÓN PEDIATRICA. SE SOLICITA: 8 PULGADAS DE LONGITUD;0.04;1673000;13700;5700;1,692,400;61,772.60
2-09-0260-03;BRAZALETE DE IDENTIFICACIÓN PARA ADULTOS.                (SE SOLICITA: 12 PULGADAS DE LONGITUD);0.04;5817360;0;0;5,817,360;215,242.32
2-09-0266-00;"CALCETA TUBULAR. SE SOLICITA TAMAÑO :  3 "" X 25 YARDAS DE ALGODON";8.33;0;154;0;154;1,282.82
2-09-0266-01;MEDIA ANTIDESLIZANTE. SE SOLICITA MEDIANA (LONGITUD: 35cms, ANCHO 8.5cm);0.98;122800;0;240;123,040;120,087.04
2-09-0266-02;MEDIA ANTIDESLIZANTE (SE SOLICITA GRANDE Longitud: 40cms, ancho 9cm).;0.99;705388;1600;240;707,228;702,984.63
2-09-0267-00;"CALCETA TUBULAR. SE SOLICITA TAMAÑO: 4 "" X 25 YARDAS.  DE ALGODON";25;634;0;30;664;16,600.00
2-09-0272-00;"CANULA INTRAVENOSA SIN JERINGUILLA SE SOLICITA DE 18G  X  1  1/4""  A  1  1/2"" DE  POLIURETANO
";0.18;71000;0;0;71,000;12,425.00
2-09-0274-01;"CANULA INTRAVENOSA SIN JERINGUILLA SE SOLICITA DE POLIURETANO  CALIBRE # 22 G X  DE 1"" A  1  1/4"" .
";0.27;28300;0;0;28,300;7,641.00
2-09-0274-02;CÁNULA INTRAVENOSA SIN JERINGUILLA  (SE SOLICITA DE POLIURETANO, CALIBRE # 24);0.18;0;0;0;0;0
2-09-0276-18;CATETER DE HISTEROSONOGRAFIA, 5Fr O 7FR. SE SOLICITA TAMAÑO  5FR Y BALON DE 3CC;18.12;880;140;0;1,020;18,482.40
2-09-0286-00;SONDA FOLEY DE LATEX RECUBIERTA CON SILICON, 2 VIAS CON BALON DE 3CC/ML   SE SOLICITA CALIBRE 10FR;0.64;590;0;120;710;454.4
2-09-0287-00;SONDA FOLEY DE LATEX RECUBIERTA CON SILICON , 2 VÍAS CON BALÓN DE 5 CC/ML. SE  SOLICITA  CALIBRE 12FR;0.53;0;0;0;0;0
2-09-0287-01;SONDA FOLEY DE LATEX RECUBIERTA CON SILICON , 2 VÍAS CON BALÓN DE 5 CC/ML.   SE SOLICITA  CALIBRE 18FR;0.51;0;0;0;0;0
2-09-0287-02;SONDA FOLEY DE LATEX RECUBIERTA CON SILICON , 2 VÍAS CON BALÓN DE 5 CC/ML.  (SE SOLICITA CALIBRE 20FR);0.49;10320;1930;20;12,270;6,012.30
2-09-0287-03;SONDA FOLEY DE LATEX RECUBIERTA CON SILICON , 2 VÍAS CON BALÓN DE 5 CC/ML.     SE SOLICITA CALIBRE  22FR ;0.49;0;180;0;180;88.2
2-09-0288-00;SONDA FOLEY DE LATEX RECUBIERTA CON SILICON , 2 VÍAS CON BALÓN DE 5 CC/ML.     SE SOLICITA CALIBRE 14FR;0.44;0;0;0;0;0
2-09-0288-01;SONDA FOLEY DE LATEX RECUBIERTA CON SILICON , 2 VÍAS CON BALÓN DE 5 CC/ML.  SE  SOLICITA  CALIBRE 16FR;0.56;0;0;0;0;0
2-09-0298-10;SONDA FOLEY DE LATEX RECUBIERTA CON SILICÒN, 3 VÌAS CON BALÒN DE 30 CC.  SE SOLICITA CALIBRE 24FR;0.89;0;0;360;360;320.4
2-09-0299-12;TROCAR PARA CIRUGIA LAPAROSCOPICA DE 2MM A 15MM DE DIAMETRO, PUNTA CORTANTE DESECHABLESE.  (SE  SOLICITA TROCAR COMPLETO DE 5MM DE DIAMETRO Y DOS CAMISAS ADICIONALES);37.5;0;0;0;0;0
2-09-0299-14;TROCAR PARA CIRUGIA LAPAROSCOPICA, DE 2 A 15 MM DE DIAMETRO, PUNTA CORTANTE, DESECHABLE.,                                                                                                          (SE SOLICITA TROCAR COMPLETO DE 12MM DE DIAMETRO Y DOS CAMISAS ADICIONALES) ;30.17;0;0;0;0;0
2-09-0300-01;JUEGO PARA ACCESO VENOSO PERIFÉRICO (CANALIZACIÓN);0.79;55086;0;0;55,086;43,517.94
2-09-0307-02;CERA DE HUESO. SE SOLICITA EN BASTÓN;2.49;0;0;0;0;0
2-09-0310-00;"CINTA INDICADORA PARA ESTERILIZACION A VAPOR.  SE SOLICITA TAMAÑO  DE  1/2"" X 60 O MAS YARDAS.";5.28;1696;47;40;1,783;9,412.01
2-09-0310-01;"CINTA INDICADORA PARA ESTERILIZACION A VAPOR. SE SOLICITATAMAÑO 3/4"" X 60 Ó MAS YARDAS.";4.63;14016;2258;82;16,356;75,646.50
2-09-0310-02;"CINTA INDICADORA PARA ESTERILIZACION A VAPOR                SE SOLICITA TAMAÑO  1"" X 60 O MAS YARDAS.";2.8;0;0;0;0;0
2-09-0311-00;COBERTOR PARA SILLETA (PALETA);0.4;38200;0;0;38,200;15,280.00
2-09-0322-01;PROTECTOR PLÁSTICO PARA EL OJO;8.68;0;1056;3072;4,128;35,810.40
2-09-0323-01;LAPIZ DE CAUTERIO, DESECHABLE CON CONTROL MANUAL DUAL.;4.36;0;0;0;0;0
2-09-0326-01;GEL PARA ELECTRODOS. SE SOLICITA TUBO DE 140 GRAMOS;76.9;0;0;0;0;0
2-09-0327-00;"PROTECTOR DE COLCHÓN, DESECHABLE, ABSORBENTE, DE ALGODON O DE POLIETILENO POR UN LADO, (SE SOLICITA TAMAÑO 58.4 cm x 91.4 cm  (23""x36"")  ALGODÓN.";2.88;0;0;0;0;0
2-09-0331-01;VENDA AUTOADHERIBLE DE PLASTICO RECTANGULAR O LARGAS.        (CURITAS RECTANGULAR);0.01;1696400;85500;69100;1,851,000;17,547.48
2-09-0332-00;VENDA ADHESIVA DE PLÁSTICO REDONDA;0.01;1031200;23000;11000;1,065,200;9,054.20
2-09-0332-01;GRAPA PARA LIGAR CORDON UMBILICAL;0.35;8546;200;0;8,746;3,061.10
2-09-0333-06;BATA DESECHABLE, PARA USO GENERAL NO ESTERIL .AAMI     NIVEL 3.  SE SOLICITA TAMAÑO MEDIANO;1.12;0;0;0;0;0
2-09-0333-11;BATA QUIRURGICA ESTERIL .AAMI NIVEL 3. SE SOLICITA TAMAÑO MEDIANO;1.12;0;0;0;0;0
2-09-0333-12;BATA QUIRURGICA ESTERIL .AAMI NIVEL 3. SE SOLICITA TAMAÑO GRANDE;22.84;0;0;0;0;0
2-09-0333-14;BATA QUIRURGICA ESTERIL .AAMI NIVEL 4. SE SOLICITA TAMAÑO MEDIANO;1.8;0;0;0;0;0
2-09-0333-15;BATA QUIRURGICA ESTERIL .AAMI NIVEL 4.    (SE SOLICITA TAMAÑO GRANDE).;2.28;0;0;0;0;0
2-09-0333-16;BATA QUIRURGICA ESTERIL .AAMI NIVEL 4.  SE SOLICITA TAMAÑO EXTRA GRANDE;1.67;0;0;0;0;0
2-09-0334-00;DEPRESOR DE LENGUA, ESTÉRIL  ;0.05;0;0;0;0;0
2-09-0336-00;DISECTOR CURVO    (MARYLAND)      PARA CIRUGIA LAPAROSCÓPICA.;59.33;0;4;144;148;8,780.84
2-09-0342-01;CONECTOR LIBRE DE AGUJA (ESPIGA UNIVERSAL) PARA SOLUCIONES PARENTERALES, UNIDIRECCIONAL O BIDIRECCIONAL.                                                                                     SE SOLICITA: CON VÁLVULA ANTIRREFLUJO UNIDIRECCIONAL;2.21;63750;1000;850;65,600;144,976.00
2-09-0345-10;ELECTRODO DE MICROPORE PARA MONITOREO DE ADULTO                                                                                                    ;0.14;18000;0;0;18,000;2,520.00
2-09-0345-12;ELECTRODO PARA  EKG MODELO PESTAÑA. SE SOLICITA: TAMAÑO NIÑO (PEDIATRICO);0.1;0;0;0;0;0
2-09-0347-00;"APOSITO ABDOMINAL 8"" X 10"" y 10"" x 12"" DE LONGITUD.  SE SOLICITA TAMAÑO: 8"" X 10"" DE LONGITUD. ";0.48;9642;0;0;9,642;4,628.16
2-09-0349-01;"ESPONJA DESECHABLE CON JABON NEUTRO. SE SOLICITA: TAMAÑO 20CM X 10CM X 1.0CM    
";0.4;0;0;0;0;0
2-09-0350-01;"TOALLA SANITARIA MATERNAL; TOALLA SANITARIA TIPO PERINEAL,     (SE SOLICITA EXTRA GRANDE DE 11 A 12 PULGADAS. NO ESTERIL)";0.11;0;0;0;0;0
2-09-0352-01;"CINTA ADHESIVA DE TELA DE ALGODON (ESPARADRAPO).  SE SOLICITA TAMAÑO DE 2"" X 10 Yds";2.89;7992;0;1704;9,696;28,011.74
2-09-0352-02;"CINTA ADHESIVA DE TELA DE ALGODON (ESPARADRAPO)  (SE SOLICITA TAMAÑO DE 3"" X 10 Yds).";6.77;0;0;0;0;0
2-09-0352-03;"CINTA  ADHESIVA DE PLASTICO TRANSPARENTE. SE SOLICITA DE 1"" X 10 YARDAS                                                                                                                                                                                                                                 CINTA ADHESIVA DE PLASTICO TRANSPARENTE, HIPOALERGENICO, RESISTENTE A LA HUMEDAD (IMPERMEABLE),
TAMAÑO DE 1/2´´ A 3´´POR 10 YARDA O MAS DE LONGITUD.
LA INSTITUCION SOLICITARA EL TAMAÑO QUE REQUIERA.";0.63;0;0;0;0;0
2-09-0353-00;CINTA ADHESIVA DE TELA DE ALGODON (ESPARADRAPO) DE CORTE SURTIDO;16.38;0;0;0;0;0
2-09-0354-00;"CINTA ADHESIVA DE PAPEL MICROPOROSO. (SE SOLICITA DE 2"" DE ANCHO X 10 YARDAS DE LONGITUD).                                                                                                                                                                                                                                  
";1;0;0;0;0;0
2-09-0354-01;"CINTA ADHESIVA DE PAPEL MICROPOROSO. (SE SOLICITA DE 3"" X 10 Yads)                                                                                                                                                                                                                                                                      ";0.81;55476;0;216;55,692;45,110.52
2-09-0363-01;CONECTOR O EQUIPO PARA INFUSIÓN DE SOLUCIÓN PARENTERAL, CON DOS FILTRO .;0.17;785392;92400;0;877,792;149,224.64
2-09-0365-01;"GASA SIMPLE  TAMAÑO 3"" X 3"",12 DOBLECES NO ESTERIL.";0.06;0;0;0;0;0
2-09-0365-03;"GASA SIMPLE 4"" X 4"" CON 16 DOBLECES, NO ESTERIL.";0.05;0;0;0;0;0
2-09-0365-05;"GASA SIMPLE 8"" X 4"" CON 12 DOBLECES, NO ESTÉRIL.   ";0.07;1255000;19200;730000;2,004,200;140,294.00
2-09-0378-00;GUANTES DE EXPLORACIÓN DE LÁTEX, NO ESTÉRIL (SE SOLICITA TAMAÑO CHICO).;0.04;0;0;1800;1,800;73.8
2-09-0378-01;GUANTES DE EXPLORACIÓN DE LÁTEX, NO ESTÉRIL (SE SOLICITA TAMAÑO MEDIANO). ;0.09;0;0;0;0;0
2-09-0378-02;GUANTES DE EXPLORACIÓN DE LÁTEX, NO ESTÉRIL (Se solicita tamaño grande) ;0.09;0;0;0;0;0
2-09-0379-00;"GUANTE QUIRURGICO DE LATEX ESTERIL.  SE SOLICITA TAMAÑO 6  1/2""  ";0.16;0;0;0;0;0
2-09-0379-01;"GUANTES QUIRURGICO DE LATEX ESTERI (SE SOLICITA TAMAÑO 7 "").";0.27;0;0;0;0;0
2-09-0379-02;"GUANTES QUIRURGICO DE LATEX ESTERIL   (SE SOLICITA TAMAÑO 7 1/2"")";0.23;0;0;0;0;0
2-09-0379-03;"GUANTES QUIRURGICO DE LATEX ESTERIL  (SE SOLICITA TAMAÑO 8"").";0.18;227600;121800;42000;391,400;69,669.20
2-09-0381-00;"ALGODON COMPRIMIDO 100% (SE SOLICITA  3"" x 4 YARDAS)
";0.73;0;0;0;0;0
2-09-0381-01;"VENDAJE DE 100% DE ALGODÓN COMPRIMIDO, NO ESTÉRIL (Se solicita tamaño 4""x 4 yardas) ";0.57;30240;0;1440;31,680;18,057.60
2-09-0381-02;"ALGODON COMPRIMIDO 100% - 6"" x 4 YARDAS  (SE SOLICITA TAMAÑO 6 x 4"")";0.49;0;0;0;0;0
2-09-0382-00;HOJA, BISTURÍ, ACERO INOXIDABLE Nº10;0.29;0;0;0;0;0
2-09-0382-01;HOJA DE BISTURÍ  DE ACERO INOXIDABLE (SE SOLICITA TAMAÑO N° 11);0.16;20000;1700;0;21,700;3,472.00
2-09-0382-03;HOJA DE BISTURÍ  DE ACERO INOXIDABLE (SE SOLICITA TAMAÑO N° 15);0.17;12600;0;0;12,600;2,142.00
2-09-0382-04;HOJA DE BISTURÍ  DE ACERO INOXIDABLE (SE SOLICITA TANAÑO N° 23) ;1.08;334800;2100;0;336,900;362,167.50
2-09-0382-06;CUCHILLETE ESPATULADO ESTILO CRESCENT ;15;30;0;120;150;2,250.00
2-09-0382-07;CUCHILLA PARA FACOEMULSIFICACIÓN (Se solicita de 2.65mm);15.23;0;0;0;0;0
2-09-0382-08;CUCHILLA PARA FACOEMULSIFICACIÓN.  (SE SOLICITA TAMAÑO  3.2MM);10.5;0;0;0;0;0
2-09-0395-00;JERINGUILLA 2 ONZ. ( 60ML);0.8;0;0;0;0;0
2-09-0398-00;"JERINGUILLA DE 2-3 ML CON AGUJA DE 21 G X 1½ O 23 G X 1"". SE SOLICITA AGUJA DE 21 G X 1½.";0.1;0;0;0;0;0
2-09-0399-00;JERINGUILLA DE 5 -6 ML,     (SE SOLICITA CON AGUJA 21 G X 1½ PULGADAS);0.04;0;0;0;0;0
2-09-0401-00;AGUJA METALICA CON PISTOLA AUTOMATICA PARA TOMA DE BIOPSIA.  (SE SOLICITA EL TAMAÑO 18G  X 10 A 25CM.);31.9;0;0;0;0;0
2-09-0402-00;JERINGUILLA DE 10 -12 ML, CON AGUJA DE 21 G X 1½ PULGADAS.;0.03;0;0;0;0;0
2-09-0405-00;CANULA PARA IRRIGACION, CAUTERIO Y SUCCION ENDOSCOPICA DE GANCHO DE 5MM.;100;0;0;0;0;0
2-09-0406-00;SISTEMA CERRADO PARA DRENAJE DE FLUIDOS CONTINUOS REDONDO.  SE SOLICITA DE 10mm CON RESERVORIO DE 100CC;16.81;0;0;0;0;0
2-09-0406-01;SISTEMA CERRADO PARA DRENAJE DE FLUIDOS CONTINUOS REDONDO. SE SOLICITA DE 7mm CON RESERVORIO DE 100C1C;17.17;0;0;0;0;0
2-09-0409-00;JERINGUILLA 20-25 ML,       (SE SOLICITA PUNTA DE ROSCA SIN AGUJA);0.04;1774400;45600;49000;1,869,000;82,759.32
2-09-0412-00;JERINGUILLA 50-60ML. SE SOLICITA  50ml, PUNTA ROSCA S/AGUJA;0.21;905600;3600;8000;917,200;188,026.00
2-09-0419-00;"JERINGUILLA DE TUBERCULINA CON AGUJA 25 G X 5/8"".";3.45;0;0;0;0;0
2-09-0419-01;"JERINGUILLA DE TUBERCULINA     (SE SOLICITA CON AGUJA 26 G X 3/8"")";0.03;11865400;36400;100;11,901,900;365,388.33
2-09-0428-05;ROPA DESECHABLE PARA CIRUGIA ARTROSCOPICA;30.68;0;0;0;0;0
2-09-0431-01;MASCARA DE TIENDA PARA OXIGENO DE ADULTO CON TUBO CORRUGADO  (MÁSCARA DE TIENDA, PARA ADULTO, DESECHABLE, DE VINIL TRANSPARENTE, MUY SUAVE, MOLDEADO PARA LA BARBILLA, TUBO CORRUGADO DE 6PIES ( 72 PULGADAS ), BANDA DE ELÁSTICO PARA LA CABEZA.);2;0;0;0;0;0
2-09-0432-00;RESPIRADORES CONTRA PARTICULAS DE ALTA FILTRACION N95 CON O SIN VALVULA DE EXALACION.        (SE SOLICITA TAMAÑO GRANDE , SIN VALVULA DE EXALACION).;0.92;0;0;0;0;0
2-09-0441-00;LLAVE DE TRES VIAS CON DOS (2) CONECTORES,ESTÉRIL.;0.38;120000;2000;3000;125,000;46,875.00
2-09-0443-00;"MALLA PARA REFORZAR PLANOS ANATOMICOS  SE SOLICITA DE 7.5 CM X 12.5CM                                                                                                                                                                                                                                                                                                                                        Para reparación tisular convencional y laparoscópica.
Especificaciones: 
1. Estéril.
2. Polipropileno monofilamentoso no absorbible.
3. Flexible.
4. Bordes lisos redondeados.
5. Autoexpandible.
6. Tamaños:
• 7.5cm a 30.4cm (3” a 12”) x 7.5cm a 35.5cm (3” a 14”).";48;720;0;0;720;34,560.00
2-09-0444-00;MALLA PARA REFORZAR PLANOS ANATOMICOS. SE SOLICITA TAMAÑO DE 15 CM X 15CM;39.5;0;0;0;0;0
2-09-0444-01;"MALLA PARA REFORZAR PLANOS ANATOMICOS, 3"" A 10"" (7.5 A 25.4CM.) X 5"" A 14"" ( 12.5CM  A 35CM),  (SOLICITAMOS  22.9CM X 35CM.)";131.5;0;0;0;0;0
2-09-0450-00;MASCARILLA RECTANGULAR CON VISOR, SE SOLICITA CON VISOR PARA ADULTO;0.16;271500;2500;2000;276,000;43,801.20
2-09-0451-00;MASCARILLA PARA OXIGENO DE MEDIA CONCENTRACION. SE SOLICITA TAMAÑO ADULTO ALARGADA SIN RESVORIO                                                                                                                                                                                                                                    ;0.57;24800;0;950;25,750;14,677.50
2-09-0452-00;MASCARILLA RECTANGULAR DESECHABLE CUATRO TIRAS , CON O SIN VISOR. SE SOLICITA  SIN VISOR TAMAÑO ADULTO;0.09;0;0;0;0;0
2-09-0453-01;"CONECTOR PARA ADMINISTRACION DE SOLUCION INTRAVENOSA CON BURETA (MICROGOTERO) (SE SOLICITA SITIO DE INYECCION CON MENBRANA  Y SITIO EN""Y""  LIBRE DE AGUJA) (SOLICITAMOS LIBRE DE AGUJA.)
";1.06;0;0;30;30;31.8
2-09-0453-04;MICRONEBULIZADOR CON MASCARA. SE SOLICITA TAMAÑO PEDIÁTRICO;0.4;0;0;0;0;0
2-09-0453-06;MICRONEBULIZADOR CON MASCARA. SE SOLICITA TAMAÑO ADULTO;0.41;0;0;0;0;0
2-09-0455-02;ALGODÓN EN MOTAS (Se solicita mota de 0.7gr) ;0.01;0;447000;727000;1,174,000;5,870.00
2-09-0461-11;"PAÑAL DESECHABLE PARA RECIEN NACIDO HASTA 5 LIBRAS (2.27Kg)                                                                                                                                                                                                                                                         
";0.22;0;0;0;0;0
2-09-0461-12;"PAÑAL DESECHABLE PARA ADULTO. SE SOLICITA TAMAÑO DE CINTURA 45"" A  58"" ( 114.3 CM A 147.32 CM)DE TELA NO TEJIDA)";0.41;0;0;0;0;0
2-09-0461-13;PAÑAL DESECHABLE PARA NIÑO. SE SOLICITA PESO DE 6 A 14 LBS;0.22;0;0;0;0;0
2-09-0461-14;PAÑAL DESECHABLE PARA NIÑO. SE SOLICITA PESO DE 12 A 24 LBS.                                                                                                                                                                                                                                                      ;0.31;0;0;0;0;0
2-09-0467-00;"PAPEL PARA ESTERILIZAR GRADO MÉDICO. (MINIMO DE 60 GRAMOS POR METRO CUADRADO), SE SOLICITA DE 8"" X 8"" (20 CMS X 20 CMS).";0.03;0;0;0;0;0
2-09-0467-01;"PAPEL PARA ESTERILIZAR GRADO MÉDICO (MINIMO DE 60 GRAMOS POR METRO CUADRADO) SE SOLICITA DE 12"" X  12"" (30 CMS X 30 CMS)";0.06;0;0;0;0;0
2-09-0467-04;"PAPEL PARA ESTERILIZAR GRADO MÉDICO (MINIMO 60 GRAMOS POR METRO CUADRADO), SE SOLICITA DE 16"" X  16"" (40 CMS X 40 CMS)";0.04;0;0;0;0;0
2-09-0467-05;"PAPEL PARA ESTERILIZAR GRADO MÉDICO (MINIMO 60 GRAMOS POR METRO CUADRADO),  SE SOLICITA 18"" X 18"" (46 CMS. X 46 CMS.)";0.08;0;0;0;0;0
2-09-0467-07;"PAPEL PARA ESTERILIZAR GRADO MÉDICO (MINIMO DE 60 GRAMOS POR METRO CUADRADO), SE SOLICITA DE 24"" X 24"" 60 CMS. X 60 CMS.";0.11;340000;0;2000;342,000;35,910.00
2-09-0467-09;"PAPEL PARA ESTERILIZAR GRADO MÉDICO (MÍNIMO 60 GRAMOS POR METRO CUADRADO),  SOLICITAMOS 30"" X 30"" (75 CMS. 75 CMS.";0.22;236000;0;0;236,000;51,920.00
2-09-0475-00;PINZA DE AGARRE LAPAROSCOPICA CON DIENTE, 5MM DESECHABLE;60.54;0;0;0;0;0
2-09-0475-01;INSTRUMENTO PARA LIGAR VASOS DE TITANIUM, DESECHABLE  (SE SOLICITA TAMAÑO GRANDE);94.54;0;168;0;168;15,882.72
2-09-0475-02;INSTRUMENTO PARA LIGAR VASOS DE TITANIUM, DESECHABLE  (SE SOLICITA TAMAÑO MEDIANO);60.89;0;0;0;0;0
2-09-0476-00;PLACA PARA IMPRESIÓN PLANTAR;1.15;37080;0;500;37,580;43,217.00
2-09-0486-00;SISTEMA CERRADO PARA DRENAJE DE FLUIDOS CONTINUOS. SE SOLICITA DE 19FR. DE SILICONA RESERVORIO 400CC A 450CC;33.69;420;152;36;608;20,483.52
2-09-0489-01; SISTEMA PARA ASPIRACION DE MUESTRA DE MUCOSIDADES (TRAMPA);1.65;800;0;0;800;1,320.00
2-09-0495-00;JUEGO DE BOLSA DESECHABLE PARA CADÁVER;6.93;33211;425;250;33,886;234,829.98
2-09-0496-00;CONECTOR LIBRE DE AGUJAS PARA ACCESOS VASCULARES VENOSOS;1.74;0;0;0;0;0
2-09-0497-00;SET DESECHABLE PARA REMOVER PUNTOS DE SUTURAS. SE SOLICITA PINZA DE METAL;1.77;1900;0;0;1,900;3,363.00
2-09-0497-04;SISTEMA DE CATÉTER URETERAL DOBLE J, PARA ADULTO. (SE SOLICITA DIAMETRO DE 6FR);132.5;324;0;0;324;42,930.00
2-09-0498-00;"BANDEJA PARA PREPARACIÓN Y RASURADO DE LA PIEL
DESECHABLE PARA LA PREPARACION Y RASURADO DE LA PIEL, COMPUESTO POR: 1- BANDEJA PLÀSTICA CON COMPARTIMIENTOS. 2- UNA MAQUINA DE RASURAR CON SU HOJA. 3- GASA 4"" X 4"". 4- CON SOLUCION JABONOSA DE BETHADINE. 5- DOS (2) APLICADORES DE 3"" CON PUNTA DE ALGODÒN. 6- DOS (2)TOALLAS PARA LA LIMPIEZA.BANDEJA PARA PREPARACION Y RASURADO DE LA PIEL.";1.29;0;0;0;0;0
2-09-0498-02;RECIPIENTE PARA SUCCION  SE SOLICITA Con válvulas de cierre;2.74;3000;600;0;3,600;9,846.00
2-09-0498-03;RECIPIENTE PARA SUCCION      SE SOLICITA Con válvulas de cierre -Capacidad De  2000 A 3000 cc DEBE ENTREGAR LOS EQUIPOS Y CONECTORES NECESARIOS PARA SU UTILIZACION, MINIMO 300 UNIDADES O SER COMPATIBLE CON EQUIPO EN LA INSTITUCION ADJUDICACION GLOBAL CON EL RENGLON 367;2.77;18300;0;0;18,300;50,691.00
2-09-0501-04;SISTEMA DE SUCCION E IRRIGACION LAPAROSCOPICA CON ESPATULA;54.97;8768;0;0;8,768;481,950.66
2-09-0510-00;SONDA LISA DE CAUCHO BLANDO ROJO PARA CATETERISMO URETRAL. SE SOLICITA TAMAÑO 8 FR;0.4;0;0;0;0;0
2-09-0510-01;SONDA LISA DE CAUCHO BLANDO ROJO PARA CATETERISMO URETRAL. (SE SOLICITA TAMAÑO 10 FR);0.4;0;0;0;0;0
2-09-0510-02;SONDA LISA DE CAUCHO BLANDO ROJO PARA CATETERISMO URETRAL. (SE SOLICITA TAMAÑO 12 FR);0.44;0;0;0;0;0
2-09-0510-03;SONDA LISA DE CAUCHO BLANDO ROJO PARA CATETERISMO URETRAL. (SE SOLICITA TAMAÑO 14 FR);0.39;0;0;0;0;0
2-09-0510-04;SONDA LISA DE CAUCHO BLANDO ROJO PARA CATETERISMO URETRAL. SE SOLICITA  TAMAÑO 16FR;0.64;240;300;0;540;342.9
2-09-0510-05;SONDA LISA DE CAUCHO BLANDO ROJO PARA CATETERISMO URETRAL. (SE SOLICITA TAMAÑO 18 FR);0.42;0;0;0;0;0
2-09-0512-01;"CATETER DE SUCCION NASO-FARINGEA . SE SOLICITA, CALIBRE 8FR DE 35CM DE LONGITD, CON GRADUACION Y PRESENTACION LONGITUDINAL.
";0.99;0;0;0;0;0
2-09-0513-00;"CATETER DE SUCCION NASO-FARINGEA . SE SOLICITA, CALIBRE 10FR DE 45CM DE LONGITD, CON GRADUACION Y PRESENTACION LONGITUDINAL.

";0.72;0;0;0;0;0
2-09-0513-01;CATETER DE SUCCION NASO-FARINGEA. (SE SOICITA, CALIIBRE 12FR DE 45CM DE LONGITD, CON GRADUACION Y PRESENTACION LONGITUDINAL.);0.45;10200;8900;0;19,100;8,499.50
2-09-0513-02;"CATETER DE SUCCION NASO-FARINGEA . SE SOLICITA, CALIBRE 14FR DE 45CM DE LONGITUD, CON GRADUACION Y PRESENTACION LONGITUDINAL.

";0.59;0;0;0;0;0
2-09-0513-03;CATETER DE SUCCION NASO-FARINGEA. (SE SOLICITA, CALIBRE 16FR DE 45CM DE LONGITD, CON GRADUACION Y PRESENTACION LONGITUDINAL.);0.59;15800;5090;0;20,890;12,325.10
2-09-0513-04;"CATETER DE SUCCION NASO-FARINGEA SE SOLICITA CALIBRE 18Fr,45cm DE LONGITUD CON GRADUACION Y PRESENTACION LONGITUDINAL
";0.74;0;0;0;0;0
2-09-0519-01;"MALLA HEMOSTATICA  (SE SOLICITA TIPO MALLA 2"" X 14"", 5CM X 35CM)                                                                                                                                                                                                                                                                                                                            ";22.25;24;0;12;36;801
2-09-0519-02;"MALLA HEMOSTATICA       SE SOLICITA  TIPO MALLA 4"" X 8"", 10CM X 20CM";31.94;2532;312;48;2,892;92,370.48
2-09-0519-03;MALLA HEMOSTATICA (SE SOLICITA TIPO TELA DE 7.5 CM X 10.2CM DE LARGO).;72.17;0;0;0;0;0
2-09-0519-06;MALLA QUIRURGICA TRIDIMENSIONAL PARA REFORZAR PLANOS ANATOMICOS  SE SOLICITA  4.5CM X 7.5CM                                                                                                                                                                                                                      ;194.12;0;0;0;0;0
2-09-0519-07;MALLA QUIRURGICA TRIDIMENSIONAL PARA REFORZAR PLANOS ANATOMICOS  (SE SOLICITA 4.5CMS X 10CM  (BASE DE 10CMS TAMAÑO GRANDE)                                                                                                                                                                                                                      ;206.11;0;0;0;0;0
2-09-0520-01;MALLA EXPANDIBLE TUBULAR            (SE SOLICITA TAMAÑO 1);3.62;0;125;0;125;452.82
2-09-0520-02; MALLA EXPANDIBLE TUBULAR. SE SOLICITA  TAMAÑO 2 CON CODIFICACIÓN DE COLORES. ;3.13;0;0;0;0;0
2-09-0520-04; MALLA EXPANDIBLE TUBULAR.  SE SOLICITA TAMAÑO 4, SIN CODIFICADOR DE COLORES.;5.37;2361;0;28;2,389;12,828.93
2-09-0520-05;MALLA EXPANDIBLE TUBULAR.           (SE SOLICITA TAMAÑO 5);6.89;2857;0;0;2,857;19,684.73
2-09-0520-06; MALLA EXPANDIBLE TUBULAR.  SE SOLICITA TAMAÑO 6;6.99;0;0;0;0;0
2-09-0520-07;MALLA EXPANDIBLE TUBULAR.  SE SOLICITA TAMAÑO 7;8.68;0;0;0;0;0
2-09-0520-08;MALLA EXPANDIBLE TUBULAR.   (SE SOLICITA TAMAÑO 8 SIN CODIFICADOR DE COLORES);9.28;22208;0;19;22,227;206,269.23
2-09-0520-09;MALLA EXPANDIBLE TUBULAR. SE SOLICITA TAMAÑO 9 SIN CODIFICADOR DE COLORES.;16.23;306;122;54;482;7,820.45
2-09-0521-02;"FÉRULA CERVICAL PARA CUELLO DE DOS PIEZAS, TIPO PHILADELPHIA CIRCUNFERENCIA: PEQUEÑO DE 10"" A 13"". ALTURA: DE 2¼ A 3¼";10.82;0;0;0;0;0
2-09-0521-03;"FÉRULA CERVICAL PARA CUELLO DE DOS PIEZAS, TIPO PHILADELPHIA, CIRCUNFERENCIA: MEDIANO DE 13"" A 16"". ALTURA: DE 2¼ A 4¼";20;386;10;4;400;8,000.00
2-09-0521-04;"FÉRULA CERVICAL PARA CUELLO DE DOS PIEZAS, TIPO PHILADELPHIA (Se solicita circunferencia grande de  16"" a 19"", altura de 1½"" a 5¼"")                                                                                                   ";14.11;436;40;24;500;7,055.00
2-09-0525-02;TAPON HEPARINIZADO PARA CANULA INTRAVENOSA. Para el cierre temporal de cánula intravenosa y administración de medicamentos a intervalos regulares.(Se Solicita con membrana de látex y con Con conexión de rosca (luer lock).;0.17;803200;0;0;803,200;132,528.00
2-09-0528-01;TIJERA CURVA PARA CIRUGIA LAPAROSCÓPICA. ;34.22;0;0;0;0;0
2-09-0535-00;TUBO UNIVERSAL DE PLASTICO.  SE SOLICITA DE 6 MM. (1/4 DE PULGADA) DE LONGITUD DE 30 MT. (100PIES);9.93;1870;0;0;1,870;18,559.75
2-09-0546-00;"TUBO NASOGASTRICA TIPO LEVIN .SOLICITAMOS TAMAÑO 8 FR, LONG 120CM.
";1.12;800;0;0;800;892
2-09-0546-01;"TUBO NASOGASTRICA TIPO LEVIN. SOLICITAMOS TAMAÑO 10FR, LONG 120CM
";0.62;1050;388;50;1,488;915.12
2-09-0546-02;"TUBO NASOGASTRICA TIPO LEVIN. SOLICITAMOS TAMAÑO 12 FR, LONG 120CM
";0.98;600;400;50;1,050;1,023.75
2-09-0547-00;TUBO NASOGASTRICA TIPO LEVIN. SOLICITAMOS TAMAÑO 18 FR, LONG 120CM;1.05;3000;0;0;3,000;3,135.00
2-09-0548-00;"TUBO NASOGÁSTRICO TIPO LEVIN (Se solicita de 16 FR, longitud 120cm)  
";0.96;2000;0;0;2,000;1,910.00
2-09-0556-01;TUBO ENDOTRAQUEAL CON BALON            (SE SOLICITA TAMAÑO DE 7MM);0.51;85200;0;460;85,660;43,943.58
2-09-0556-02;TUBO ENDOTRAQUEAL CON BALON. SE SOLICITA TAMAÑO DE 7.5MM;0.51;32920;1380;110;34,410;17,652.33
2-09-0556-03;TUBO ENDOTRAQUEAL CON BALON             (SE SOLICITA TAMAÑO DE 8MM);0.51;76520;0;0;76,520;39,254.76
2-09-0556-04;TUBO ENDOTRAQUEAL CON BALON.                                      (SE SOLICITA TAMAÑO DE 8.5MM);0.51;0;440;0;440;225.72
2-09-0559-01;CANÚLA DE TRAQUEOSTOMÍA. SE SOLICITA TAMAÑO N° 8;46.25;0;0;104;104;4,810.00
2-09-0559-04;CANÚLA DE TRAQUEOSTOMÍA.                      (SE SOLICITA TAMAÑO N° 6);39.99;0;272;0;272;10,877.28
2-09-0563-01;CÁNULA OROFARINGEA TIPO BERMAN (SE SOLICITA DE 90MM ADULTO).;0.62;0;0;0;0;0
2-09-0563-02;CANULA OROFARINGEA TIPO BERMAN. SE SOLICITA N°10 (100MM) ADULTO;0.53;0;0;0;0;0
2-09-0564-00;"SONDA O TUBO PARA ALIMENTACIÓN ENTERAL DE 5 FR A 20FR, Se solicita calibre 5FR y 38cm de longitud CON TAPON INCORPORADO
";1.72;20300;300;0;20,600;35,432.00
2-09-0565-00;SONDA O TUBO PARA ALIMENTACION ENTERAL DE 5 FR A 20FR.        (SE SOLICITA CALIBRE 8 FR Y 38CM DE LONGITUD);0.55;2950;150;250;3,350;1,842.50
2-09-0567-00;"TUBOS DE DRENAJE TIPO PENROSE. SE SOLICITA 1/4"" 6.35MM x 45.7 CM";0.97;0;0;0;0;0
2-09-0567-02;"TUBO DE DRENAJE TIPO PEMROSE. SE SOLICITA DE:  1/2"" (12.70MM)  X 12"" (30.5CM)  DE LONGITUD";1.5;0;0;0;0;0
2-09-0568-00;CANULA NASAL PARA ADMINISTRAR OXIGENO (SE SOLICITA TAMAÑO ADULTO);0.39;0;0;0;0;0
2-09-0568-01;CANULA NASAL PARA ADMINISTRAR OXIGENO. SE SOLICITA: TAMAÑO PEDIATRICO;0.28;0;0;0;0;0
2-09-0576-00;VASO PLÁSTICO DESECHABLE  PARA MEDICAMENTO (SE SOLICITA SIN TAPA);0.03;855000;0;19500;874,500;25,360.50
2-09-0577-02;"VENDA ABDOMINAL QUIRÚRGICA . SE SOLICITA  TAMAÑO 18 X 18"" PULGADAS.                                                                                                                                                                                                                          
Venda abdominal de gasa prelavada, Estéril De 8¨ a 18"" x 18""a 36¨ Malla de 20 a 24 x 28 hilos, Cuatro a seis(4-6) dobleces. Con elemento radio-opaco. LA INSTITUCION SOLICITARA EL TAMAÑO REQUERIDO.";0.27;265600;41200;34400;341,200;92,124.00
2-09-0578-00;"VENDA AJUSTABLE DE GASA ABSORBENTE DE 1 A 2 DOBLECES (Se solicita de 1"") ";0.16;0;0;0;0;0
2-09-0578-01;"VENDA AJUSTABLE DE GASA ABSORBENTE DE 1 A 2 DOBLECES. SE SOLICITA TAMAÑO DE  2""";0.08;0;0;0;0;0
2-09-0578-02;"VENDA AJUSTABLE DE GASA ABSORBENTE DE 1 A 2 DOBLECES. SE  SOLICITA  TAMAÑO DE  3""";0.12;0;0;0;0;0
2-09-0578-03;"VENDA AJUSTABLE DE GASA ABSORBENTE DE 1 A 2 DOBLECES. SE  SOLICITA TAMAÑO DE  4""";0.14;0;0;0;0;0
2-09-0580-02;"VENDA DE GASA SIMPLE 1 A 4"" DE ANCHO                                                                                                                                                                                                              ";0.24;0;0;0;0;0
2-09-0580-03;"VENDA DE GASA SIMPLE  (Se solicita de 4"" de ancho y 10yds de longitud). ";0.6;40032;228;1128;41,388;24,832.80
2-09-0581-00;"VENDA ELASTICA  SE SOLICITA 2"" DE ANCHO X 5"" YARDAS DE LONGITUD                                                                                                                                                                                                                                                                            ";0.65;4332;540;0;4,872;3,142.44
2-09-0581-01;"VENDA ELASTICA  SE SOLICITA 3"" DE ANCHO X 5"" YARDAS DE LONGITUD                                                                                                                                                                                                                                                                               ";0.26;0;0;0;0;0
2-09-0581-02;"VENDA ELASTICA  SE SOLICITA 4"" DE ANCHO X 5"" YARDAS DE LONGITUD                                                                                                                                                                                                                                                                               ";1.34;24516;360;40;24,916;33,262.86
2-09-0581-03;"VENDA ELASTICA  SE SOLICITA 6"" DE ANCHO X 5"" YARDAS DE LONGITUD                                                                                                                                                                                                                                                                               ";74;0;0;0;0;0
2-09-0583-00;"VENDA DE YESO     (SE SOLICITA DE FRAGUADO RÁPIDO DE 3"" X 3 YARDAS, DE MAXIMO DE 5 MINUTOS)";0.84;13968;960;254;15,182;12,752.88
2-09-0583-01;"VENDA DE YESO . SE SOLICITA DE FRAGUADO RÁPIDO MAXIMO DE 5 MINUTOS DE 4"" X 3 YARDAS";2.02;4232;0;0;4,232;8,548.64
2-09-0583-02;"VENDA DE YESO, SE SOLICITA DE FRAGUADO RÁPIDO MAXIMO DE 5 MINUTOS DE  4"" X 5 YARDAS.";2.06;0;0;0;0;0
2-09-0583-03;"VENDA DE YESO  SE SOLICITA DE FRAGUADO RÁPIDO MAXIMO DE 5 MINUTOS DE 5"" X 5 YARDAS";2.45;0;0;0;0;0
2-09-0583-04;"VENDA DE YESO, SE SOLICITA DE FRAGUADO RÁPIDO MAXIMO DE 5 MINUTOS DE 6"" X 5 YARDAS.";3.53;0;96;0;96;338.88
2-09-0583-06;"VENDA DE YESO, SE SOLICITA DE FRAGUADO RÁPIDO MAXIMO DE  5 MINUTOS DE  8"" X 5 YARDAS.";3.49;0;864;0;864;3,015.36
2-09-0584-00;VENDA DE GASA ABSORBENTE AJUSTABLE,  6 DOBLECES;0.76;0;0;0;0;0
2-09-0589-00;SUTURA CATGUT CRÓMICO, CALIBRE 0, LONGITUD 67 A 75 CM.  AGUJA DE 35 A 37MM, DELGADA, ½ ÍIRCULO, PUNTA REDONDA. ;1.14;56016;0;144;56,160;63,741.60
2-09-0592-00;SUTURA: CATGUT CRÓMICO, CALIBRE 1;1.3;0;516;0;516;670.8
2-09-0593-00;SUTURA: CATGUT CRÓMICO, (SE SOLICITA CALIBRE 1);0.82;0;0;0;0;0
2-09-0594-00;SUTURA: CATGUT CRÓMICO, CALIBRE 1, LONGITUD 75 CM,  AGUJA DE  37 MM, GRUESA, ½ CÍRCULO, PUNTA REDONDA GRUESA. ;1.21;0;0;0;0;0
2-09-0597-00;SUTURA: CATGUT CRÓMICO, CALIBRE 2-0;1.4;11136;0;216;11,352;15,892.80
2-09-0598-00;SUTURA: CATGUT CRÓMICO CALIBRE  2-0,  SE SOLICITA DE LONGITUD DE 75 CM CON AGUJA DE 37 MM PUNTA REDONDA DELGADA;0.95;4632;0;0;4,632;4,400.40
2-09-0599-01;SUTURA: CATGUT SIMPLE, CALIBRE 2-0, LONGITUD 67 A 75cm, AGUJA DE 20 A 22mm, ½ CÍRCULO, PUNTA REDONDA ESTÉRIL ;1.39;612;0;0;612;850.68
2-09-0600-00;SUTURA: CATGUT CRÓMICO, CALIBRE 3-0;1.7;17504;408;48;17,960;30,532.00
2-09-0603-00;SUTURA: CATGUT CROMICO, CALIBRE 4-0;0.73;0;0;0;0;0
2-09-0605-00;SUTURA: CATGUT CRÓMICO, CALIBRE  5-0, LONGITUD 45 CM. AGUJA DE 12 o 13 MM., ? CÍRCULO, PUNTA CORTANTE ESTÉRIL. ;1.12;384;396;492;1,272;1,424.64
2-09-0625-02;SUTURA: POLIPROPILENO MONOFILAMENTO AZUL, CALIBRE 0;0.87;0;0;0;0;0
2-09-0625-04;SUTURA: POLIPROPILENO MONOFILAMENTO AZUL, CALIBRE 2-0, AGUJA REDONDA LONGITUD 75 A 90 CM. AGUJA DOBLE DE 25 A 26 MM., ½ CÍRCULO, PUNTA REDONDA ESTÉRIL. ;1.43;0;1848;0;1,848;2,642.64
2-09-0625-06;SUTURA DE POLIPROPILENO MONOFILAMENTO AZUL,CALIBRE1;0.93;0;4416;0;4,416;4,113.59
2-09-0626-02;SUTURA: NYLON MONOFILAMENTO, CALIBRE 3-0;0.51;0;0;0;0;0
2-09-0627-01;SUTURA NYLON MONOFILAMENTO, CALIBRE 3-0 Con longitud 75 cm. con aguja de 24 mm., 3/8 circulo, punta cortantes reverso estéril.;0.47;0;0;0;0;0
2-09-0627-04;SUTURA: NYLON MONOFILAMENTO, CALIBRE 4-0;0.5;0;0;0;0;0
2-09-0629-02;SUTURA NYLON MONOFILAMENTO CALIBRE 10-0.      ;5.98;0;0;0;0;0
2-09-0633-00;SUTURA: NYLON MONOFILAMENTO, SE SOLICITA CALIBRE 6-0;1.25;5040;0;0;5,040;6,274.80
2-09-0633-06;SUTURA: NYLON MONOFILAMENTO, CALIBRE 5-0, LONGITUD 45 CM., AGUJA DE 19 MA 20 MM., ? CÍRCULO, PUNTA CORTANTE. ;0.85;34824;1632;72;36,528;30,866.16
2-09-0633-08;SUTURA: POLIPROPILENO MONOFILAMENTO, CALIBRE 7-0;2.65;0;1008;0;1,008;2,666.92
2-09-0633-13;SUTURA MONOFILAMENTO POLIDIOXANONA CALIBRE 4-0 Descripción del producto: Sutura Monofilamento de Polidioxanona recubierta de triclosan ,incolora,    (SE SOLICITA: calibre 4-0,longitud 45cm, aguja de 19mm,3/8 circulo,punta cortante.);7.11;0;0;0;0;0
2-09-0633-18;SOLUCION ADHESIVA TOPICA PARA LA SUTURA DE LA PIEL  (SE SOLICITA DE 0.5ML ESTERIL DE USO UNICO, EN ENVASE BURBUJA CON PUNTA, APLICADOR, DE FORMULACION MONOMETRICA DE (2 OCTIL CIANOACRILATO) Y CON BARRERA MICROBIAL DE 0.25ML,0.50ML,0.75ML DE LIQUIDO ADHESIVO.);42.63;0;0;0;0;0
2-09-0634-02;SUTURA: ÁCIDO POLIGLICÓLICO TRENZADO, CALIBRE  0, (SE SOLICITA LONGITUD 75CM AGUJA DE 26 MM, 1/2 CIRCULO, PUNTA REDONDA GRUESA);1.37;0;0;0;0;0
2-09-0634-04;SUTURA: ACIDO POLIGLICOLICO TRENZADO, CALIBRE 0, LONGITUD 70 CM. AGUJA DE 37 MM. GRUESA 1/2 CIRCULO, PUNTA REDONDA ESTERIL. ;1.32;0;0;0;0;0
2-09-0634-06;SUTURA: ACIDO POLIGLICOLICO TRENZADO, CALIBRE 1, SE SOLICITA AGUJA DE 35 MM. LONGITUD 70CM;1.3;0;0;0;0;0
2-09-0635-00;SUTURA: ÁCIDO POLIGLICÓLICO TRENZADA, CALIBRE 2-0;1.59;24432;72;144;24,648;39,190.32
2-09-0635-04;SUTURA: ÁCIDO POLIGLICÓLICO TRENZADO, CALIBRE 1 LONGITUD 67 A 75 CM. AGUJA DE 35 A 37 MM., 1/2 CÍRCULO, PUNTA REDONDA GRUESA.                                                                                              SOLICITAMOS: AGUJA CALIBRE 36MM LONG 70CM ;1.39;0;0;0;0;0
2-09-0635-09;SUTURA ACIDO POLIGLICOLICO TRENZADO, CALIBRE 4-0, SE SOLICITA AGUJA 19MM, 3/8 CIRCULO PUNTA CORTANTE ESTERIL, LONGITUD 45CM;1.38;0;0;0;0;0
2-09-0635-10;SUTURA: ACIDO POLIGLICÓLICO TRENZADO, CALIBRE 4-0;1.36;13104;36;288;13,428;18,194.94
2-09-0635-13;SUTURA: ÁCIDO POLIGLICÓLICO TRENZADO, CALIBRE 3-0 ;1.58;16164;0;144;16,308;25,766.64
2-09-0638-02;SUTURA ACIDO POLIGLICOLICO TRENZADO, SE SOLICITA CALIBRE 6-0;6.67;312;384;0;696;4,642.32
2-09-0640-00;SUTURA: SEDA NEGRA TRENZADA SILICONIZADA CALIBRE 0;0.91;6888;0;0;6,888;6,268.08
2-09-0642-00;SUTURA: SEDA NEGRA TRENZADA SILICONIZADA CALIBRE 1.;0.87;18672;0;864;19,536;16,898.64
2-09-0642-01;SUTURA: SEDA NEGRA TRENZADA SILICONIZADA, CALIBRE 1,  SE SOLICITA   LONGITUD 75CM.,  10 HEBRAS;1.59;0;0;0;0;0
2-09-0644-00;SUTURA: SEDA NEGRA TRENZADA SILICÓN IZADA CALIBRE 2.0, SE SOLICITA LONGITUD 75CM, 10 HEBRAS;0.91;0;0;0;0;0
2-09-0645-00;SUTURA: SEDA NEGRA TRENZADA SILICONIZADA CALIBRE 2.0, SE SOLICITA DE LONGITUD 75CM;0.81;22416;0;0;22,416;18,156.96
2-09-0646-00;SUTURA: SEDA NEGRA TRENZADA SILICÓNIZADA, CALIBRE 3-0;1.08;5568;192;576;6,336;6,842.88
2-09-0647-01;SUTURA: SEDA NEGRA TRENZADA SILICONIZADA, CALIBRE 3-0;0.5;0;0;0;0;0
2-09-0648-00;SUTURA: SEDA NEGRA TRENZADA SILICONIZADA CALIBRE 3.0   SE SOLICITA AGUJA DE 22 MM;1.75;0;0;0;0;0
2-09-0653-00;SUTURA: SEDA NEGRA TRENZADA SILICONIZADA, CALIBRE 4-0, LONGITUD 45cm, AGUJA DE 12 A 13mm, ? CÍRCULO, PUNTA CORTANTE, ESTÉRIL;0.72;6720;0;0;6,720;4,838.40
2-09-0655-00;SUTURA: SEDA NEGRA TRENZADA  SILICONIZADA, CALIBRE 6-0. SE SOLICITA LONGITUD 45 CM.  AGUJA DE 11 A 12 MM., 3/8 CIRCULO, PUNTA CORTANTE;1.28;0;468;0;468;599.04
2-09-0661-01;SUTURA: POLIPROPILENO MONOFILAMENTO CALIBRE 3-0, DE LONGITUD 90CM, DOBLE AGUJA DE 25 - 26MM, 1/2 CÍRCULO PUNTA REDONDA ESTÉRIL;1.65;0;240;0;240;394.8
2-09-0697-00;PLANCHA DE CAUTERIO DESECHABLE;3.29;0;0;0;0;0
2-09-0763-01;APOSITO PROTECTOR, SE SOLICITA TAMAÑO 10CM X 10CM;16.81;1600;0;0;1,600;26,888.00
2-09-0764-01;APOSITO DE ESPUMA, se solicita Tamaños con borde 15 CM X 20 CM;38.7;200;0;0;200;7,740.00
2-09-0765-01;APOSITO DE ESPUMA, se solicita Tamaños sin borde 12.5CM X 12.5CM;26.5;2400;0;0;2,400;63,600.00
2-09-0766-01;APOSITO DE ESPUMA, se solicita Tamaños SIN BORDEN 20CM X 20CM;47.8;0;0;0;0;0
2-09-0767-01;CAPA POROSA O BIOMATRIZ, SE SOLICITA TAMAÑO 10 cm x 10 cm, con 420 agujeros de 1600 micrones.;60;0;2240;0;2,240;134,400.00
2-09-0774-01;SOLUCIÓN PARA LAVADO, IRRIGACIÓN Y DESBRIDAMIENTO DE HERIDAS, se solicita Botella con tapa rosca 500ml;25;9152;0;0;9,152;228,800.00
2-09-0775-01;SOLUCIÓN PARA LAVADO, IRRIGACIÓN Y DESBRIDAMIENTO DE HERIDAS, se solicita, Dispensador en aerosol con tapa atomizador 250 ml;20.25;10864;0;0;10,864;219,996.00
2-09-0776-01;SOLUCIÓN PARA LAVADO, IRRIGACIÓN Y DESBRIDAMIENTO DE HERIDAS, se solicita tamaño en bolsas con puerto de irrigación de 1000 ml.;62.41;8616;0;0;8,616;537,681.48
2-09-0777-01;SOLUCIÓN PARA LAVADO, IRRIGACIÓN Y DESBRIDAMIENTO DE HERIDAS, SE SOLICITA EL TAMAÑO Compresa presaturada Empaque individual de gasa de 8 capas de 10 cm x 10 cm.;6.91;0;0;0;0;0
2-09-0778-01;SOLUCIÓN PARA LAVADO, IRRIGACIÓN Y DESBRIDAMIENTO DE HERIDAS SE SOLICITA, Gel Dispensador en spray aerosol 100 g.;47.51;4446;0;0;4,446;211,207.23
2-09-0917-01;"ESPUMA DE POLIURETANO (PU) CON SISTEMA DE CONTROL DE CARGA DE TRANSPIRACIÓN CONTINUA, se solicita 4"" x 5"" (10.2 cm x 12.7 cm)";28.9;5860;0;200;6,060;175,134.00
2-09-0918-01;"ESPUMA DE POLIURETANO (PU) CON SISTEMA DE CONTROL DE CARGA DE TRANSPIRACIÓN CONTINUA, se solicita ""8x8""(20.3 cm x 20.3 cm)";73.42;11270;0;0;11,270;827,443.40
2-09-0919-01;"ESPUMA DE POLIURETANO CON SISTEMA DE CONTROL DE CARGA IMPERMEABLE, se solicita ""4 x 5"" (10.2cm x 12.7 cm)";27.8;0;0;0;0;0
2-09-0920-01;"ESPUMA DE POLIURETANO CON SISTEMA DE CONTROL DE CARGA IMPERMEABLE, se solicita ""8x8""(20.3 cm x 20.3 cm)";73.42;0;0;0;0;0
2-09-0921-01;ESPUMA DE ALCOHOL POLIVINILICO CON SISTEMA DE CONTROL DE CARGA,    (SE SOLICITA ,EXUDADO MODERADO SIN PELÍCULA DE RETENCIÓN DE HUMEDAD 15.2 cm x 15.2 cm (6” x 6”).;47.61;0;0;800;800;38,088.00
2-09-0922-01;ESPUMA DE ALCOHOL POLIVINILICO CON SISTEMA DE CONTROL DE CARGA,      (SE SOLICITA PARA TUNELIZACION DE 9 mm (1.2g);14.61;43400;1000;800;45,200;660,372.00
2-09-0923-01;"ESPUMA DE ALCOHOL POLIVINILICO CON SISTEMA DE CONTROL DE CARGA,     (SE SOLICITA, EXUDADO MODERADO SIN PELÍCULA DE RETENCIÓN DE HUMEDAD, TAMAÑO 10.2 cm x 10.2 cm  x 1.29 cm (4"" x 4"" x 0.5"")";56.25;0;1060;0;1,060;59,625.00
2-09-0924-01;"ESPUMA DE ALCOHOL POLIVINILICO CON SISTEMA DE CONTROL DE CARGA,    ( SE SOLICITA , EXUDADO ABUNDANTE SIN PELÍCULA DE RETENCIÓN DE HUMEDAD TAMAÑO De forma isla adherente de 10.2 cm x 12 cm (4"" x 4.75"") y espuma de 5 cm x 7 cm (2"" x 2.75"").";34.98;3300;0;0;3,300;115,434.00
2-09-0941-00;CUCHILLA PARA PODADORA DE VELLOS Y CABELLOS CON SISTEMA OSCILANTE (Ofrecer Nueva Tecnologia) SE SOLICITAN UN MINIMO DE 100;3.11;0;0;0;0;0
2-09-1007-00;ESPECULO VAGINAL (SE SOLICITA TAMAÑO CHICO);0.22;0;0;0;0;0
2-09-1007-01;ESPECULO VAGINAL (SE SOLICITA TAMAÑO MEDIANO);1.24;0;0;0;0;0
2-09-1007-02;ESPECULO VAGINAL (SE SOLICITA TAMAÑO GRANDE)  ;1.23;17100;2800;1500;21,400;26,322.00
2-09-1111-00;SUTURA ÁCIDO POLIGLICOLICO TENZADO, SE SOLICITA CALIBRE 3-0;0.94;64836;144;0;64,980;61,010.37
2-09-1112-00;SUTURA DE ÁCIDO POLIGLICÓLICO CALIBRE 0 DE 60-75CM DE LONGITUD.;2.39;14148;0;0;14,148;33,813.72
2-09-1113-00;MATRIZ EXTRACELULAR TRIDIMENSIONAL, SE SOLICITA 7 x 20CM, MALLA;295.6;0;0;0;0;0
2-09-1116-00;MATRIZ DE CELULOSA OXIDADA REGENERADA Y COLÀGENO, SE SOLICITA TAMAÑO 123 CENTIMETROS CUADRADOS.                                                                                                                                                                                                                                                                      ;54.8;0;0;0;0;0
2-09-1125-00;INSTRUMENTO O PINZA CURVA PARA FUSION DE TEJIDOS PARA ELECTROCAUTERIO MULTIMODAL O BIPOLAR AVANZADO (CIRUGIA ABIERTA) DESECHABLE;625;288;144;0;432;270,000.00
2-09-1126-00;PINZA LAPARASCOPICA DE 10 MM CON CORTE INCORPORADO PARA SELLADO DE VASOS SANGUINEOS MEDIANTE PRESION.                                                                                                                                                         ;404.75;0;0;0;0;0
2-09-1127-00;LAPIZ PARA ELECTROCAUTERIO MULTIMODAL (CORTE,DISECCION Y COAGULACION)                                                                                                                                                                                                                                                             ;43.21;0;0;0;0;0
2-09-1128-00;PINZA PARA FUSION DE TEJIDOS Y DISECCION MONOPOLAR DE 5MM LAPARASCOPICA PARA ELECTROCAUTERIO MULTIMODAL, Se Solicita de 37 Long, mandibula curva. ;846.54;0;0;0;0;0
2-09-1129-00;PINZA LAPARASCOPICA DE 5 MM CON CORTE INCORPORADO PARA SELLADO DE VASOS SANGUINEOS MEDIANTE PRESION.                                                                                                                              ;561.51;0;0;0;0;0
2-09-1133-00;TROCAR PARA CIRUGIA LAPAROSCOPICA DE 2MM A 15MM DE DIAMETRO, PUNTA CORTANTE DESECHABLE CON PROTECCION ACTIVA Y REDUCTOR INCORPORADO;64.62;2256;0;48;2,304;148,884.48
2-09-1134-00;INSTRUMENTO PARA PROLAPSO RECTAL Y HEMORROIDES;199.5;212;96;0;308;61,446.00
2-09-1135-00;TROCAR PARA CIRUGIA LAPAROSCOPICA CON SISTEMA DE ANCLAJE (TIPO HASSAN O TÉCNICA ABIERTA) DE 5MM A 12MM DE DIAMETRO PUNTA ROMA DESECHABLE.                                        ;58.9;0;0;0;0;0
2-09-1136-00;"MALLA TRI-LAMINADA DELGADA.  (SE SOLICITA TAMAÑO 8"" X 12"" (20 X 30cm))";1,651.43;0;0;0;0;0
2-09-1137-00;HEMOSTATICO ABSORVIBLE DE TEXTURA ALGODONOSA            (SE SOLICITA: TAMAÑO: 2.5 X 5CM);110;0;0;0;0;0
2-09-1195-00;SUTURA MONOFILAMENTO POLIDIOXANONA  CALIBRE 1  (SE SOLICITA AGUJA  70MM );19.7;0;0;0;0;0
2-09-1196-00;SUTURA MONOFILAMENTO SINTETICO ABSORBIBLE, SE SOLICITA CALIBRE 5-0;1.56;43080;120;0;43,200;67,365.65
2-09-1197-00;SUTURA: MONOFILAMENTO SINTETICO ABSORBIBLE, CALIBRE 4-0 ;1.37;0;324;0;324;443.09
2-09-1199-00;"CANULA DE ASPIRACION TIPO YANKEUER. SE SOLICITA TIPO RIGIDA DE ADULTO de 12"" y tuberia de 72"" o MAS";1.53;0;0;0;0;0
2-09-1250-01;SISTEMA DE ENGRAPADO O LIGADURA, PARA CLIP DE POLIMERO NO ABSORBIBLE;89.59;0;0;0;0;0
2-09-1550-01;GUANTES QUIRÚRGICOS LIBRES DE LATEX Y POLVO, ESTÉRIL  SE SOLICITA TAMAÑO 6 1/2;0.94;89000;11800;9600;110,400;103,776.00
2-09-1551-01;GUANTES QUIRÚRGICOS LIBRES DE LATEX Y POLVO, ESTÉRIL                      (SE SOLICITA TAMAÑO 7);0.04;0;0;0;0;0
2-09-1552-01;GUANTES QUIRÚRGICOS LIBRES DE LATEX Y POLVO, ESTÉRIL . SE SOLICITA TAMAÑO 7.5;0.94;0;0;0;0;0
2-09-1582-01;GLUCONATO DE CLORHEXIDINA AL 4% EN ESPUMA PARA ANTISEPSIA DE MANO.   ( LA EMPRESA QUE SE LE ADJUDIQUE DEBE PROPORCIONAR ELSISTEMA DE DISPENSACION POR BOMBA DE PIE) ;28.94;0;0;0;0;0
2-09-1583-01;GUANTES DE NITRILO PARA EXAMEN SIN POLVO, NO ESTÉRIL.       (SE SOLICITA TAMAÑO MEDIANO);0.02;0;0;0;0;0
2-09-1584-01;GUANTES DE NITRILO PARA EXAMEN SIN POLVO, NO ESTÉRIL.     (SE SOLICITA TAMAÑO GRANDE);0.02;208700;99000;33000;340,700;8,074.59
2-09-1604-01;SOLUCION QUIRURGICA ANTISEPTICO PARA LA PIEL. SE SOLICITA VOLUMEN DE 26ML;11.31;27460;0;0;27,460;310,572.60
2-09-1635-01;SUTURA: POLIPROPILENO MONOFILAMENTO, CALIBRE 6-0  ( 1/2 de circulo);4.46;0;0;0;0;0
2-09-1639-01;INJERTO VASCULAR CONICO CON ANILLOS INTEGRADOS AL PTFE.   (SE SOLICITA: CON HEPARINA BIOACTIVA, CAN ANILLO INTEGRAD, INJERTO VASCULAR CÓNICO Entre 4MM y 6MM ,Longitud 45CM).;1,815.00;0;0;0;0;0
2-09-1680-01;INJERTO VASCULAR CONICO CON ANILLOS INTEGRADOS AL PTFE.   SE SOLICITA:  CON HEPARINA BIOACTIVA, CAN ANILLO INTEGRAD, INJERTO VASCULAR CÓNICO ENTRE 4MM y  7MM , LONGITUD 45CM;1,850.00;620;0;0;620;1,147,000.00
2-09-1706-01;"ESPIROMETRO INCENTIVO PARA REALIZAR EJERCICIOS DE RESPIRACION PROFUNDA.
(DESECHABLE):";19.95;31784;192;120;32,096;640,176.87
2-09-1718-01;LENTE INTRAOCULAR PLEGABLE DE ACRILICO HIDROFOBICO DE +10.00 A +30.00 DIOPTRIAS.;39.9;0;0;0;0;0
2-09-1759-02;CEPILLO PARA LAVADO QUIRURGICO DESECHABLE CON CLOREXIDINA AL 4%,ESTERIL;0.68;0;0;0;0;0
2-09-1937-00;DELANTAL PROTECTOR DE FLUIDOS   (JUMSUIT) ;41.13;328501;5400;2200;336,101;13,823,834.13
2-09-1964-01;Cuchillete con Mango de 15º hasta 45º  (se solicita de 15°) Desechable, esteril, con hoja en forma de lanceta de una sola pieza de 3 a 5mm.;10.95;1560;0;0;1,560;17,082.00
2-09-2031-01;GLUCONATO DE CLORHEXIDINA AL 2% EN ESPUMA PARA ANTISEPSIA DE MANO. ( LA EMPRESA QUE SE LE ADJUDIQUE DEBE PROPORCIONAR EL SISTEMA DE DISPENSACION POR BOMBA DE PIE)  ;19.25;0;0;0;0;0
2-09-2149-01;CANULA NASOFARINGEA DE 32 FR A 36 FR.                 (SE SOLOCITA TAMAÑ0 32FR) ;3.69;10800;400;0;11,200;41,368.32
2-09-2150-01;CANULA NASOFARINGEA  DE 32 FR A 36 FR.                        (SE SOLOCITA TAMAÑ0 34FR);3.69;2920;400;0;3,320;12,239.51
2-09-2151-01;CANULA NASOFARINGEA  DE 28 FR A 30 FR. SE SOLOCITA TAMAÑ0 30FR      ;3.69;0;1200;0;1,200;4,432.08
2-09-2152-01;CANULA NASOFARINGEA  DE 28 FR A 30 FR. SE SOLOCITA TAMAÑ0 28FR   ;3.65;360;400;0;760;2,777.04
2-09-2230-01;"CAL SODADA SIN PRODUCCION DEL COMPUESTO A. SE SOLICITA BOLSA DE 1KG• Indicador de violeta de etilo <1%• Hidróxido de calcio de porcentaje de peso >75%.• En caso que contenga catalizador: Cloruro de litio de % de peso entre 0% y 3% ó Hidróxido de Sodio entre 0% y 2%
";110;0;0;0;0;0
2-09-2354-01;"GASA 2"" X 2"" X 16 DOBLECES, ESTÉRIL";0.03;133000;0;0;133,000;3,990.00
2-09-2355-01;"GASA 2"" X 2"" X 16 DOBLECES CON ELEMENTO RADIOPACO, ESTERIL";0.03;0;0;0;0;0
2-09-2356-01;"GASA 3"" X 3"" X 16 DOBLECES, ESTERIL";0.07;0;0;0;0;0
2-09-2358-01;"GASA 8"" X 4"" X 16 DOBLECES, ESTÉRIL";0.07;49000;0;0;49,000;3,430.00
2-09-2359-01;"GASA 8"" X 4"" X 16 DOBLECES CON ELEMENTOS RADIOPACO, ESTÉRIL";0.26;0;0;0;0;0
2-09-2361-01;"GASA SIMPLE 4"" X 4"" X 16 ESTÉRIL";0.21;0;0;0;0;0
2-09-2440-01;"AGUJAS PARA LOCALIZACION Y BLOQUEO DE NERVIO PERIFERICO.                             (SE SOLICITA TAMAÑO 22Ga X 2"").";11.8;0;80;0;80;944
2-09-2685-01;"CIRCUITO DESECHABLE DE VENTILADOR INTEGRADO DE HUMIDIFICACIÓN PASIVA Y
FILTRACIÓN DE 72 HORAS DE USO";79;0;1070;0;1,070;84,530.00
2-09-2696-01;GUANTES DE NITRILO PARA EXAMEN SIN POLVO, NO ESTÉRIL. SE SOLICITA TAMAÑO CHICO;0.02;10000;27100;9500;46,600;1,104.42
2-09-2700-01;"SET DE ROPA
";12.34;5898;0;240;6,138;75,742.92
2-09-2865-01;"CINTURON SEGURIDAD PARA MARCHA DE ADULTO                    (SE SOLICITA TAMAÑO PEQUEÑA DE 34""-30"")";82.72;0;38;0;38;3,143.49
2-09-2866-01;"CINTURON SEGURIDAD PARA MARCHA ADULTO.  (SE SOLICITA MEDIANO 30""-44"")";110;189;0;0;189;20,790.00
2-09-2867-01;"CINTURON SEGURIDAD PARA MARCHA DE ADULTO.         (SE SOLICITA GRANDE 44""-60"")";82.72;256;152;0;408;33,751.14
2-09-2929-01;BOLSA PARA OBTENCIÓN DE MUESTRAS EN CIRUGÍA LAPAROSCÓPICA (Se solicita de 6.4cm x 15cm);150;0;0;0;0;0
2-09-2963-01;TIJERA PARA CORTE Y LIGADURA DE CORDÓN UMBILICAL CON BISTURÍ. ;183.75;0;0;0;0;0
2-09-2983-01;SET DE ROPA DESECHABLE PARA CIRUGIA OFTALMOLOGICA;39.99;5244;0;340;5,584;223,304.16
2-09-3135-01;CUCHILLETE     (SE SOLICITA  2,2mm);11.94;3948;180;720;4,848;57,885.12
2-09-3211-01;SISTEMA DE DRENAJE TORACICO DE TRES CAMARAS. SE SOLICITA DRENAJE CERRADO DE 1 TUBO;37.13;0;0;0;0;0
2-09-3304-01;RESPIRADORES CONTRA PARTICULAS DE ALTA FILTRACION N95 CON O SIN VALVULA DE EXALACION.                                                                                                   (SOLICITAMOS TAMAÑO MEDIANO ,SIN VALVULA DE EXALACION);0.97;0;0;0;0;0
2-09-3328-01;BANDEJA DE ANESTESIA EPIDURAL CONTINUA DESECHABLE CON MEDICAMENTO. SE SOLICITA AGUJA TUOHY/HUBER DE 17G X 88 a 90mm SIN ALAS;30;0;0;50;50;1,500.00
2-09-3388-01;"EMPAQUES O COMPRESA CALIENTE (SE SOLICITA CONTORNO PARA CUELLO 61X15 CM 24"" X 6"")";36.64;0;40;0;40;1,465.64
2-09-3554-01;"BOLSA MIXTA TERMOSELLABLE PARA ESTERILIZAR, 6"" X 12"" (150 X 300MM)";0.11;16900;25800;1000;43,700;4,807.00
2-09-3754-01;JUEGO COMPLETO PARA CATETERIZACIÓN VESICAL CON SONDA FOLEY SE SOLICITA 16Fr DE SILICONA, CAPACIDAD DE BOLSA DE 2000cc, Solución para limpieza de Clorexidina acuosa al 1% CON Jeringuilla prellenada con agua bidestilada de  10cc CON UN PAR DE GUANTES DE NITRILO O VINILO;15.91;4920;80;110;5,110;81,300.10
2-09-3756-01;JUEGO COMPLETO PARA CATETERIZACIÓN VESICAL CON SONDA FOLEY SE SOLICITA 18Fr DE SILICONA, CAPACIDAD DE BOLSA DE 2000cc, Solución para limpieza de Clorexidina acuosa al 1% CON Jeringuilla prellenada con agua bidestilada de  10cc CON UN PAR DE GUANTES DE NITRILO O VINILO;13;22600;600;110;23,310;303,030.00
2-09-3775-01;GUANTES QUIRÚRGICOS LIBRES DE LATEX Y POLVO, ESTÉRIL  SE SOLICITA TAMAÑO 6;1.64;0;0;0;0;0
2-09-3932-01;APOSITO DE ESPUMA 3D CON PLATA IONICA SE SOLICITA APOSITO NO ADHESIVO TAMAÑO 10X 10CM ;21;0;405;0;405;8,505.00
2-09-4164-01;JUEGO COMPLETO PARA SUCCIÓN DE VÍAS RESPIRATORIAD, PEDIATRICO Y ADULTO. SE SOLICITA TAMAÑO 6FR;1.37;10400;0;0;10,400;14,248.00
2-09-4195-01;DETERGENTE LIQUIDO CON ENZIMAS (SE SOLICITA DE 4 ENZIMA);35.63;0;20;184;204;7,268.52
2-09-4196-01;TORRE DE HISTEROSCOPIA DE FLUJO CONTINUO PARA GINECOLOGIA:   SE SOLICITA ACCESORIO  JUEGOS DE TUBOS DE SILICON REUSABLE;55.36;0;0;0;0;0
2-09-4222-01;"MULTICAPA DE TRIPLEACCION A BASE DE OCTENIDINA Y ACIDO HIALURONICO TAMAÑO: 10CM X 10CM (3.9"" X 3.9"")";50;8800;0;100;8,900;445,000.00
2-09-4234-01;CATETER DE ARTERIA RADIAL PARA MONITORIZACION DE PRESION Y TOMA DE MUESTRAS SE SOLICITA CON ALETAS DE 3Fr Y 5cms DE LONGITUD DE POLIURETANO CON PUNTA RECTA;76;0;0;0;0;0
2-09-4341-01;TIJERA PARA BISTURI ARMONICO CON CONTROL MANUAL Y ALTA FRECUENCIA.  (SE SOLICITA VASTAGO DE 9CM);1,090.00;150;0;0;150;163,500.00
2-09-4433-01;GUANTES QUIRÚRGICOS DE LÁTEX, ESTÉRIL (Se solicita tamaño 6)                                                                                                                                                                                                                                                     ;0.28;112800;26500;0;139,300;38,307.50
2-09-4545-01;BOLSA INFUSORA A PRESION .SE SOLICITA BOLSA DE 1000cc DE CAPACIDAD;51.38;0;340;0;340;17,469.20
2-09-4584-01;MATRIZ EXTRACELULAR DE TEJIDO FIBROSO (Se solicita tamaño 5cm x 5cm) ;70.07;0;0;0;0;0
2-09-4592-01;SET DE ROPA PARA CITOSCOPÍA;25.98;34776;160;120;35,056;910,754.88
2-09-4628-01;FERULAS SINTETICAS EN ROLLO SE SOLICITA DE 7.5CM X 4.6M;112.06;0;0;0;0;0
2-09-4629-01;FERULA SINTETICAS EN ROLLO SE SOLICITA DE 12.5CM X 4.6M;163.88;398;0;64;462;75,712.56
2-09-4642-01;FERULAS SINTETICAS EN ROLLO SE SOLICITA DE 5CM X 4.6M;92.04;0;128;0;128;11,781.12
2-09-4643-01;FERULAS SINTETICAS EN ROLLO SE SOLICITA DE 10CM X 4,6M;138.5;0;0;0;0;0
2-09-4713-01;JUEGO DE ROPA DESECHABLE PARA CAMA DE PACIENTE;3.39;73190;0;600;73,790;250,148.10
2-09-4715-01;"APOSITO ELECTROESTATICO LAMINADO DE CARBON ACTIVADO DE BAJA ADHERENCIA SE SOLICITA TAMAÑO: 10.5 CM X 10.5 CM (4 1/5"""" X 4 1/5"""")";47;14000;0;0;14,000;658,000.00
2-09-4725-01;"VENDA DE YESO DE POLIESTER SE SOLICITA 5""X4 YARDAS. ";6.23;57249;1200;0;58,449;364,137.27
2-09-4726-01;BANDEJA PARA INSERCION DE SONDA VESICAL ;1.9;0;0;0;0;0
2-09-4790-01;BOLSA INFUSORA A PRESION. SE SOLICITA BOLSA DE 500cc DE CAPACIDAD;21.6;0;0;0;0;0
2-09-4843-01;BANDEJA PARA CATETERIZACION VENOSO CENTRAL DOBLE LUMEN NEONATAL.  SE SOLICITA 4FR X 5CM, DE POLIURETANO;64.5;720;0;0;720;46,440.00
2-09-4844-01;BANDEJA PARA CATETERIZACION VENOSO CENTRAL DOBLE LUMEN NEONATAL.  SE SOLICITA 4FR X 8CM, DE POLIURETANO;64.5;0;0;0;0;0
2-09-4847-01;BANDEJA PARA CATETERIZACION VENOSO CENTRAL TRIPLE LUMEN PEDIATRICA. SE SOLICITA MATERIAL DE CATETER CON POLIURETANO DIAMETRO 5 FR X 8CM DE LONGITUD.;73.5;0;0;0;0;0
2-09-4848-01;BANDEJA PARA CATETERIZACION VENOSO CENTRAL TRIPLE LUMEN PEDIATRICA.   SE SOLICITA MATERIAL DE CATETER CON POLIURETANO DIAMETRO 5FR X 12CM DE LONGITUD;162;0;0;0;0;0
2-09-4853-01;SUTURA: POLIPROPILENO MONOFILAMENTO, CALIBRE 5-0.(SE SOLICITA LONGITUD DE 75 CM) ;3.97;0;48;0;48;190.56
2-09-4854-01;PERILLA (BULBO) DE SUCCION - IRRIGACION DE 2 ONZAS ESTERIL;0.66;5600;0;0;5,600;3,668.00
2-09-4855-01;GUANTES QUIRURGICO DE LATEX ESTERIL . (SE SOLICITA TAMAÑO 8 1/2);0.28;108100;18800;0;126,900;34,897.50
2-09-4859-01;BANDAS ELÁSTICAS PARA FORTALECIMIENTO SE SOLICITA ULTRA SUAVE;103.91;248;52;56;356;36,993.41
2-09-4860-01;BANDAS ELÁSTICAS PARA FORTALECIMIENTO   (SE SOLICITA MEDIANA);102.39;0;0;0;0;0
2-09-4861-01;BANDAS ELÁSTICAS PARA FORTALECIMIENTO                     (SE SOLICITA FUERTE) ;100;340;40;76;456;45,600.00
2-09-4862-01;BANDAS ELÁSTICAS PARA FORTALECIMIENTO                       (SE SOLICITA -EXTRA FUERTE);126.55;20;48;56;124;15,692.19
2-09-4864-01;BANDAS ELÁSTICAS PARA FORTALECIMIENTO                     (SE SOLICITA -SUPER FUERTE);100;0;0;28;28;2,800.00
2-09-4868-01;"APOSITO ELECTROESTATICO LAMINADO DE CARBON ACTIVADO DE BAJA ADHERENCIA SE SOLICITA TAMAÑO: 15 CM X 25 CM (6"""" X 10"""")";47;0;0;0;0;0
2-09-4899-01;"APOSITO ELECTROESTATICO LAMINADO DE CARBON ACTIVADO DE BAJA ADHERENCIA SE SOLICITA TAMAÑO: 20 CM X 10 CM (8"" X 4"")";36.75;1500;0;200;1,700;62,475.00
2-09-4935-01;BANDAS ELÁSTICAS PARA FORTALECIMIENTO.                    (SE SOLICITA SUAVE);103.91;0;36;0;36;3,740.91
2-09-4965-01;"APOSITO ELECTROESTÁTICO DE TRIPLE ACCIÓN SE SOLICITA TAMAÑO: 10 CM X 10 CM (4"" X 4"")";24;0;0;0;0;0
2-09-5180-01;APÓSITO HIDROCOLOIDE (Estándar, Regular o Extra Absorbente).  SE SOLICITA  CUADRADO 10CM X 10CM;2.98;1480;70;100;1,650;4,908.75
2-09-5191-01;RECIPIENTE DESECHABLE PARA SISTEMA DE DRENAJE TORÁCICO DIGITAL (Se solicita de 300cc polipropileno) ;16.75;880;0;0;880;14,740.00
2-09-5216-01;"AGUJAS PARA LOCALIZACION Y BLOQUEO DE NERVIO PERIFERICO.  SE SOLICITA TAMAÑO 22Ga X 3 1/4"" ";11.8;0;0;0;0;0
2-09-5408-01;HIALURONATO SÓDICO;25.89;0;0;0;0;0
2-09-5410-01;"FORRO PROTECTOR DE COLCHON SE SOLICITA TAMAÑO 38"" X 80""";44.88;50;0;400;450;20,196.00
2-09-5422-01;SUTURA: ACIDO POLIGLICÓLICO TRENZADO, CALIBRE 3-0, LONGITUD 67 A 75 CM.  AGUJA DE 15 A 17 MM., 1/2 CIRCULO, PUNTA REDONDA. SE SOLICITA LONGITUD DE 75CM Y AGUJA DE 15MM;1.34;2496;0;0;2,496;3,332.16
2-09-5460-01;MASCARILLA RECTANGULAR DE 3 PLIEGUES CON SUJECION EN LA OREJA. ;0.31;316000;0;4000;320,000;99,200.00
2-09-5463-01;BATA DESECHABLE, PARA USO GENERAL NO ESTERIL .AAMI     NIVEL 3.  SE SOLICITA TAMAÑO REGULAR O UNIVERSAL (MEDIANO -GRANDE);0.58;0;0;0;0;0
2-09-5464-01;BATA DESECHABLE, PARA USO GENERAL NO ESTERIL .AAMI NIVEL 3.       (SE SOLICITA TAMAÑO GRANDE);3.64;0;0;0;0;0
2-09-5591-01;VENDAJE NEUROMUSCULAR. SE SOLICITA DE 5CM X 5MT;12.5;0;0;0;0;0
2-09-5592-01;MUÑEQUERA CON BARRA DE 6” U 8” DERECHA O IZQUIERA, CON CIERRE DE VELCRO. SE SOLICITA  TAMAÑO CHICO;40.69;0;0;0;0;0
2-09-5594-01;"INMOVILIZADOR DE RODILLA UNIVERSAL. SE SOLICITA TAMAÑO  16"" DE LONGITUD";44.78;0;0;0;0;0
2-09-5596-01;INMOVILIZADOR ELÁSTICO DE HOMBRO                           (SE SOLICITA TAMAÑO SMALL)    ;44.65;0;0;0;0;0
2-09-5597-01;"CALCETA TUBULAR.    SE SOLICITA  MEDIA TEJIDA DE ALGODÓN 2"" X 25 YARDAS DE LONGITUD";12.11;674;0;0;674;8,158.77
2-09-5598-01;MUÑEQUERA CON BARRA DE 6” U 8” DERECHA O IZQUIERA, CON CIERRE DE VELCRO. SE SOLICITA  TAMAÑO MEDIANO;40;0;0;0;0;0
2-09-5599-01;MUÑEQUERA CON BARRA DE 6” U 8” DERECHA O IZQUIERA, CON CIERRE DE VELCRO, SE SOLICITA  TAMAÑO GRANDE ;40.69;196;0;0;196;7,975.24
2-09-5602-01;"INMOVILIZADOR DE RODILLA UNIVERSAL                                                SE SOLICITATAMAÑO 20"" DE LONGITUD";44.54;454;0;0;454;20,221.16
2-09-5603-01;"INMOVILIZADOR DE RODILLA UNIVERSAL   SE SOLICITA  Tamaños : 24"". de longitud";40.52;220;0;0;220;8,914.40
2-09-5604-01;INMOVILIZADOR ELÁSTICO DE HOMBRO SE SOLICITA TAMAÑO MEDIANO;14.54;394;0;0;394;5,728.76
2-09-5644-01;SUTURA POLIGLACTINA 910 RECUBIERTO DE POLIGLACTINA 370 Y TRICLOSAN (SUTURA ACTIVA).CALIBRE 1 .   (SE SOLICITA AGUJA 36.4MM Y LONGITUD DE 90CM)                                                                                                                                                                                                                 ;5.36;2628;360;8136;11,124;59,624.64
2-09-5645-01;SUTURA MONOFILAMENTO POLIDIOXANONA  CALIBRE 1                                                                                                                                                                                                                                                                                                                                                                                                                                                         DESCRIPCION: Recubierta de triclosan color violeta, longitud entre 70cm y 90cm, con aguja de 36.4mm, 40mm ó 48mm de 1/2 circulo, punta ahusada. (SE SOLICITA CALIBRE 1 CON AGUJA 40MM Y LONGITUD DE 90 CM);18.37;1176;0;0;1,176;21,603.12
2-09-5652-01;BANDEJA PARA CATETERIZACION VENOSO CENTRAL TRIPLE LUMEN PEDIATRICA.    SE SOLICITA MATERIAL DE CATETER CON POLIURETANO DIAMETRO 5FR X 15CM DE LONGITUD.;165;0;0;0;0;0
2-09-5660-01;RECIPIENTE DESECHABLE PARA SISTEMA DE DRENAJE TORÁCICO DIGITAL (Se solicita recipiente de 2000, polipropileno) ;135;8;0;0;8;1,080.00
2-09-5661-01;TUBO PARA SISTEMA DE DRENAJE TORÁXICO DIGITAL CONEXIÓN SIMPLE SE SOLICITA 1.5 M;27;944;720;0;1,664;44,928.00
2-09-5668-01;AGUJA PARA LA LOCALIZACION DE LESIONES MAMARIAS . SOLICITA CALIBRE 20 G A Y 10 cm                                                                                                       ;10.95;0;0;0;0;0
2-09-5850-01;APÓSITO CON MATRIZ DE COLAGENO CON PLATA;50;0;0;0;0;0
2-09-5903-01;TIJERA PARA BISTURI ARMONICO CON CONTROL MANUAL Y ALTA FRECUENCIA.  SE SOLICITA VASTAGO DE 45CM;897.5;0;0;0;0;0
2-09-6036-01;RESPIRADORES CONTRA PARTICULAS DE ALTA FILTRACION N95 CON O SIN VALVULA DE EXALACION. SE SOLICITA TAMAÑO GRANDE, CON VALVULA DE EXALACIÓN ;5.7;0;0;0;0;0
2-09-6110-01;"EMPAQUES O COMPRESA CALIENTE. (SE SOLICITA TAMAÑO ESTÁNDAR DE 25CM X 30CM 10""X12"")";24.49;440;0;0;440;10,775.60
2-09-6663-01;ROPA DESECHABLE DE NEUROCIRUGÍA;54.95;0;576;0;576;31,651.20
2-09-7262-01;"FIJACION CUTANEO CON ADHESIVO DE SILICONA Y DOBLE PROTECCION ANTIMICROBIANA DE CLORHEXIDINA Y PLATA CON VENTANA SE SOLICITA TAMAÑO: 6cm x 7cm
";18.5;8200;0;0;8,200;151,700.00
2-09-7263-01;"FIJACION CUTANEO CON ADHESIVO DE SILICONA Y DOBLE PROTECCION ANTIMICROBIANA DE CLORHEXIDINA Y PLATA CON VENTANA SE SOLICITA TAMAÑO: 10cm x 12cm
";29.5;15400;0;500;15,900;469,050.00
2-09-7312-01;GEL VISCOSO DE ACIDO HIALURONICO Y YODO, SE SOLICITA 22G CON ESPIGA DISPENSADORA;60;900;0;360;1,260;75,600.00
2-09-7702-01;GORRO PARA VARON.;0.05;710600;17000;101200;828,800;37,296.00
2-09-7703-01;GORRO PARA MUJERES.;0.03;81000;89000;27000;197,000;4,925.00
2-09-8172-01;ROPA DESECHABLE PARA LAPARATOMIA;13.09;0;0;0;0;0
2-09-8192-01;MANGA DE COMPRESION NEUMATICA SECUENCIAL Y/O INTERMITENTE PARA  PANTORRILLA PARA LA PROFILAXIS DE LA TROMBOSIS VENOSA PROFUNDA. SE SOLICITA TAMAÑO GRANDE.;33.1;320;160;80;560;18,536.00
2-09-8193-01;MANGA DE COMPRESION NEUMATICA SECUENCIAL Y/O INTERMITENTE PARA  PANTORRILLA PARA LA PROFILAXIS DE LA TROMBOSIS VENOSA PROFUNDA. SE SOLICITA TAMAÑO  MEDIANO;33.25;6480;920;80;7,480;248,710.00
2-09-8210-01;SISTEMA INTEGRADO DE CIERRE DE PUERTOS (DUAL) PARA PROCEDIMIENTOS LAPAROSCÓPICOS;201.34;0;0;0;0;0
2-09-8330-01;JERINGUILLA DE 1cc (?-100) PARA INSULINA DE RETRACCION. SE SOLICITA 30G X 8MM;0.37;0;0;0;0;0
2-09-8331-01;JERINGUILLA DE 0.5cc (¦Ì-100) PARA INSULINA DE RETRACCION     (SE SOLICITA 30G X 8MM);0.33;0;0;0;0;0
2-09-8334-01;SET DE ROPA DESECHABLE PARA DILATACION Y CURETAJE;20.42;9776;928;160;10,864;221,842.88
2-09-8335-01;FERULAS SINTETICAS EN ROLLO SE SOLICITA DE 15CM X 4.6M;184.94;456;32;0;488;90,250.72
2-09-8336-01;"CATETER INTRAVENOSO DE BIOSEGURIDAD   (SE SOLICITA CATETER DE POLIURETANO TAMAÑO 18G X 1 1/4"")";0.87;4000;3600;0;7,600;6,612.00
2-09-8337-01;"CATETER INTRAVENOSO DE BIOSEGURIDAD.  SE SOLICITA CATETER DE POLIURETANO TAMAÑO 20G X 1""  A 1 3/4""";1.4;0;0;0;0;0
2-09-8338-01;"CATETER INTRAVENOSO DE BIOSEGURIDAD SE SOLICITA CATETER DE POLIURETANO TAMAÑO 22G X 1 """;1.07;0;0;0;0;0
2-09-8339-01;CATETER INTRAVENOSO DE BIOSEGURIDAD 1. Catéter con sistema de seguridad de retracción automática al extraer la guía o aguja ;0.83;68200;149200;19400;236,800;196,544.00
2-09-8340-01;CANULA NASOFARINGEA  DE 20 FR A  26 FR.  (SE SOLOCITA TAMAÑ0 26FR) ;3.81;9840;0;0;9,840;37,490.40
2-09-8342-01;FILTRO DE C02 DESECHABLE (Se Solicita Con filtros de CO2 desechables (50 unidades) con su tubería según fabricante, o Con filtros de CO2 desechables (100 unidades) sin tubería según fabricante);10;0;0;0;0;0
2-09-8345-01;SISTEMA DE DOS PIEZAS PARA COLOSTOMIA /ILEOSTOMIA PARA ADULTO ABIERTO. SE SOLICITO DIAMETRO EXTERNO DE 50MM;4.55;48870;0;0;48,870;222,358.50
2-09-8346-01;SISTEMA DE DOS PIEZAS PARA COLOSTOMIA/ILEOSTONIA PARA ADULTO ABIERTA. (SE SOLICITA DIAMETRO EXTERNO 57MM A 60MM);3.8;26520;11160;5940;43,620;165,756.00
2-09-8347-01;CANULA NASOFARINGEA  DE 32 FR A 36 FR.  (SE SOLOCITA TAMAÑ0 36FR)        ;3.69;7800;0;0;7,800;28,782.00
2-09-8348-01;ENVASE PARA DESECHOS PUNZOCORTANTE SE SOLICITA TAMAÑO 7.6 LITROS;5.5;2380;288;72;2,740;15,070.00
2-09-8349-01;ENVASE PARA DESECHOS PUNZOCORTANTE SE SOLICITA TAMAÑO 22.7 LITROS;8.58;0;0;0;0;0
2-09-8350-01;ENVASE PARA DESECHOS PUNZOCORTANTE SE SOLICITA TAMAÑO 1.4 LITROS;5.58;0;0;0;0;0
2-09-8475-01;GUANTES DE NITRILO CON PUÑO EXTENDIDO. SE (SOLICITA TAMAÑO EXTRA GRANDE);1.65;136000;43500;9500;189,000;311,850.00
2-09-8512-01;COBERTOR CÁMARA DE VIDEO (Se solicita tamaño  17CM X 242CM);2.77;4132;60;60;4,252;11,778.04
2-09-8545-01;LAMINA PROTECTORA DE SUPERFICIES AISLANTE DE FLUIDOS CONTAMINANTES.                           ;18.5;0;1750;0;1,750;32,375.00
2-09-8656-01;APOSITO CON MATRIZ DE COLAGENO (Se solicita 2 pulgadas x 2 pulgadas (5cm x 5cm);15.5;5900;3300;3200;12,400;192,200.00
2-09-8657-01;APOSITO CON MATRIZ DE COLAGENO (Se solicita 4 pulgadas x 4 pulgadas (10cm x 10cm);51.66;0;0;0;0;0
2-09-8658-01;APOSITO CON MATRIZ DE COLAGENO (Se solicita 7 pulgadas x 7 pulgadas (18cm x 18cm);160;0;0;0;0;0
2-09-8683-01;TERMOMETRO TIMPANICO DIGITAL   ( SE SOLICITA FUNDA O CUBERTOR DESECHABLE) ;0.05;18545000;174600;146200;18,865,800;943,290.00
2-09-8707-01;SOLUCIÓN DE GLUCONATO DE CLORHEXIDINA AL 2% Y ALCOHOL AL 70%, PARA LA ASEPSIA PRE QUIRÚRGICA DE LA PIEL Y PARA ACCESOS VASCULARES. SE SOLICITA TUBO APLICADOR CON ESPONJA DE 35ML  ENTINTADO;9;0;0;0;0;0
2-09-8708-01;CATETER DE SUCCION NASO-FARINGEA CALIBRE 14FR LONGITUD 60CM ;0.25;0;0;0;0;0
2-09-8709-01;CATETER DE SUCCION NASO-FARINGEA CALIBRE 16FR LONGITUD 60CM ;0.25;0;0;0;0;0
2-09-8710-01;CATETER DE SUCCION NASO-FARINGEA CALIBRE 18FR LONGITUD 60CM ;0.25;0;200;0;200;50
2-09-8712-01;TIJERA LAPAROSCÓPICA PARA BISTURI ARMINICO CON CONTROL MANUAL Y ALTA FRECUENCIA. SE SOLICITA VASTAGO DE 17 CM ;1,090.00;0;0;0;0;0
2-09-8713-01;SISTEMA DE CATERIZACION VENOSA CENTRAL DE DOBLE O TRIPLE LUMEN CON 2 ANTIBIOTICOS (MINOCICLINA Y RIFAMPICINA), NEONATAL O PEDIÁTRICO  (SE SOLICITA DOBLE LUMEN 4FR X 5M, DE POLIURETANO);205;0;0;0;0;0
2-09-8714-01;SISTEMA DE CATERIZACION VENOSA CENTRAL DE DOBLE O TRIPLE LUMEN CON 2 ANTIBIOTICOS (MINOCICLINA Y RIFAMPICINA), NEONATAL O PEDIÁTRICO. SE SOLICITA 5FR X 8CM, DE DOS LUMENS DE POLIURETANO;205;0;0;0;0;0
2-09-8715-01;SISTEMA DE CATERIZACION VENOSA CENTRAL DE DOBLE O TRIPLE LUMEN CON 2 ANTIBIOTICOS (MINOCICLINA Y RIFAMPICINA), NEONATAL O PEDIÁTRICO,  SE SOLICITA 5FR X 12CM, DE POLIURETANO DE DOS LUMEN.;205;0;0;0;0;0
2-09-8716-01;SISTEMA DE CATERIZACION VENOSA CENTRAL DE DOBLE O TRIPLE LUMEN CON 2 ANTIBIOTICOS (MINOCICLINA Y RIFAMPICINA), NEONATAL O PEDIÁTRICO. SE SOLICITA DE TRES LUMENES 5FR X 12CM, DE POLIURETANO;205;0;0;0;0;0
2-09-8717-01;SISTEMA DE CATERIZACION VENOSA CENTRAL DE DOBLE O TRIPLE LUMEN CON 2 ANTIBIOTICOS (MINOCICLINA Y RIFAMPICINA), NEONATAL O PEDIÁTRICO. (SE SOLICITA 5FR X 15M, TRIPLE LUMEN DE POLIURETANO);205;0;0;0;0;0
2-09-8718-01;"SISTEMA DE CATERIZACION VENOSA CENTRAL DE DOBLE O TRIPLE LUMEN CON 2 ANTIBIOTICOS (MINOCICLINA Y RIFAMPICINA), NEONATAL
O PEDIÁTRICO.   SE SOLICITA 5FR X 8CM, DE TRES LUMENS DE POLIURETANO";205;0;0;0;0;0
2-09-8719-01;SISTEMA DE CATERIZACION VENOSA CENTRAL DE DOBLE   LUMEN CON 2 ANTIBIOTICOS 4FR X 8CM;205;0;0;0;0;0
2-09-8720-01;"TUBO DE EXTENSIÓN DE VENOCLISIS. SE SOLICITA DE 25"" DE LONGITUD";0.6;3200;0;700;3,900;2,340.00
2-09-8844-01;SISTEMA CERRADO (ESPIGA) UNIDIRECCIONAL PARA EXTRACCIÓN DE SOLUCION EN BOTELLA O BOLSA, CON O SIN FILTRO DE AIRE Y CONECTOR LIBRE DE AGUJA. SE SOLICITA CON FILTRO;2.41;3900;0;0;3,900;9,399.00
2-09-9108-01;ESTIMULADOR NERVIO VAGO (PROTESIS) ;25,783.33;0;0;0;0;0
2-09-9683-01;MICROESFERAS DE POLIESTIRENO CARGADAS NEGATIVAMENTE;27.28;0;0;0;0;0
2-09-9753-01;CEPILLO PLANO PARA LIMPIEZA DE 75MM X 20MM X 15MM (RIGIDO) ;25;26456;2600;800;29,856;746,400.00
2-09-9755-01;CEPILLO PARA LIMPIAR 75mm x 20mm x 15mm (FLEXIBLE);25;23600;2860;800;27,260;681,500.00
2-09-9757-01;ESPONJA TEREFTALATO DE POLIETILENO      (SE SOLICITA ESPONJA);0.9;0;0;0;0;0
2-09-9910-01;PELICULA DE SILICONA, CON PROTECCIÓN DE CLORHEXIDINA Y PLATA SE SOLICITA TAMAÑO: 10 cm X 12 cm.;35.95;8700;0;100;8,800;316,360.00
2-09-9911-01;PELICULA DE SILICONA, CON PROTECCIÓN DE CLORHEXIDINA Y PLATA SE SOLICITA TAMAÑO: 6 cm X 20 cm.;29.5;12950;0;0;12,950;382,025.00
2-09-9912-01;APOSITO PROTECTOR, SE SOLICITA TAMAÑO 15CM X 15CM;23.38;0;750;0;750;17,531.25
2-09-9913-01;APOSITO PROTECTOR, SE SOLICITA TAMAÑO 20CM X 20CM;37.08;0;0;0;0;0
2-09-9914-01;APOSITO ESPUMA , SE SOLICITA Tamaños con borde, 12.5X 12.5 CM;33;0;0;0;0;0
2-09-9915-01;APOSITO ESPUMA, se solicita Tamaños sin borde 10CM X 20CM;27;0;0;0;0;0
2-09-9918-01;APOSITO ESPUMA , se solicita Tamaños con borde 20CMX 26CM PARA TALON.;58.6;0;0;0;0;0
2-09-9926-01;ESTABILIZADOR DE CATETER SUPRA PUBICO O URETERAL;22;0;0;0;0;0
;Total general;;76,522,705;2,409,079;2,421,885;81,353,669;66,295,521.80
